Run_num,Kinematic,Start_dt,End_dt,Sample_dt,P,dP
2125,Kin2,2022-10-21 03:57:00,2022-10-21 04:56:00,2022-10-21 04:26:30,36.700423145721416,1.4444851024107634
2126,Kin2,2022-10-21 04:57:00,2022-10-21 05:39:00,2022-10-21 05:18:00,37.13409075810871,1.4006274738931397
2127,Kin2,2022-10-21 05:43:00,2022-10-21 06:18:00,2022-10-21 06:00:30,37.3549561201497,1.3644342853106348
2128,Kin2,2022-10-21 06:27:00,2022-10-21 06:46:00,2022-10-21 06:36:30,37.7912293030668,1.3633251172132392
2131,Kin2,2022-10-21 07:04:00,2022-10-21 07:14:00,2022-10-21 07:09:00,38.05600264729937,1.4032767919045024
2132,Kin2,2022-10-21 07:16:00,2022-10-21 08:16:00,2022-10-21 07:46:00,38.35743691611799,1.448760236937633
2133,Kin2,2022-10-21 08:20:00,2022-10-21 09:16:00,2022-10-21 08:48:00,38.86254298819244,1.5249757394255814
2134,Kin2,2022-10-21 09:27:00,2022-10-21 10:27:00,2022-10-21 09:57:00,39.42467716517851,1.609796218000879
2136,Kin2,2022-10-21 10:48:00,2022-10-21 11:45:00,2022-10-21 11:16:30,39.986469322167764,1.7075241607072
2137,Kin2,2022-10-21 12:00:00,2022-10-21 13:00:00,2022-10-21 12:30:00,40.29521113115072,1.70760319876291
2138,Kin2,2022-10-21 13:04:00,2022-10-21 13:19:00,2022-10-21 13:11:30,40.26736250118399,1.670744960250096
2141,Kin2,2022-10-21 13:35:00,2022-10-21 13:51:00,2022-10-21 13:43:00,40.24622438446225,1.6427682249933817
2143,Kin2,2022-10-21 14:04:00,2022-10-21 14:17:00,2022-10-21 14:10:30,40.22777047303851,1.6183440910391074
2145,Kin2,2022-10-21 14:25:00,2022-10-21 15:06:00,2022-10-21 14:45:30,40.20428367668103,1.5872588296427583
2146,Kin2,2022-10-21 15:21:00,2022-10-21 15:50:00,2022-10-21 15:35:30,40.170731110456046,1.5428513133622594
2149,Kin2,2022-10-21 16:03:00,2022-10-21 17:01:00,2022-10-21 16:32:00,40.30841510489791,1.4926708199652956
2164,Kin2,2022-10-22 00:57:00,2022-10-22 02:13:00,2022-10-22 01:35:00,32.727806438271934,1.6494537290606626
2165,Kin2,2022-10-22 02:16:00,2022-10-22 02:47:00,2022-10-22 02:31:30,33.41086756722764,1.6827123871929497
2168,Kin2,2022-10-22 02:57:00,2022-10-22 04:32:00,2022-10-22 03:44:30,34.32675742243146,1.7256837507974976
2169,Kin2,2022-10-22 04:38:00,2022-10-22 04:43:00,2022-10-22 04:40:30,34.971841497712816,1.763633585414253
2170,Kin2,2022-10-22 04:44:00,2022-10-22 06:00:00,2022-10-22 05:22:00,35.48452758822461,1.8266149871464517
2171,Kin2,2022-10-22 06:02:00,2022-10-22 06:41:00,2022-10-22 06:21:30,36.219583549319836,1.9169136233649042
2172,Kin2,2022-10-22 06:43:00,2022-10-22 08:03:00,2022-10-22 07:23:00,36.979347273813225,2.0102475078596083
2173,Kin2,2022-10-22 09:16:00,2022-10-22 10:19:00,2022-10-22 09:47:30,38.76448317933022,2.2295441958187086
2174,Kin2,2022-10-22 10:38:00,2022-10-22 11:43:00,2022-10-22 11:10:30,39.78985536035382,2.3555069992831053
2175,Kin2,2022-10-22 11:45:00,2022-10-22 12:45:00,2022-10-22 12:15:00,40.49659303380325,2.4533937561921846
2176,Kin2,2022-10-22 12:51:00,2022-10-22 13:25:00,2022-10-22 13:08:00,40.6447736134496,2.479680890153169
2199,Kin2,2022-10-24 07:39:00,2022-10-24 08:42:00,2022-10-24 08:10:30,37.527753599718956,1.6388573310754886
2200,Kin2,2022-10-24 08:45:00,2022-10-24 09:49:00,2022-10-24 09:17:00,38.18241503376833,1.6989623154948357
2201,Kin2,2022-10-24 09:53:00,2022-10-24 10:11:00,2022-10-24 10:02:00,38.58643864313307,1.739634861342514
2203,Kin2,2022-10-24 10:23:00,2022-10-24 11:24:00,2022-10-24 10:53:30,38.291312400307596,1.7527120425080973
2204,Kin2,2022-10-24 11:27:00,2022-10-24 12:22:00,2022-10-24 11:54:30,37.59291489813833,1.7561576451742154
2206,Kin2,2022-10-24 12:29:00,2022-10-24 13:40:00,2022-10-24 13:04:30,36.791475141550634,1.7601116154468102
2208,Kin2,2022-10-24 13:54:00,2022-10-24 15:07:00,2022-10-24 14:30:30,35.806849154885754,1.7649693503531405
2209,Kin2,2022-10-24 15:30:00,2022-10-24 16:38:00,2022-10-24 16:04:00,34.364892354391486,1.770250724931535
2210,Kin2,2022-10-24 16:57:00,2022-10-24 18:00:00,2022-10-24 17:28:30,34.622461781123064,1.904441830775096
2211,Kin2,2022-10-24 18:00:00,2022-10-24 18:05:00,2022-10-24 18:02:30,34.85351923926136,2.0004175218216975
2212,Kin2,2022-10-24 18:18:00,2022-10-24 19:43:00,2022-10-24 19:00:30,35.25895872782773,2.1641407594894284
2213,Kin2,2022-10-24 19:52:00,2022-10-24 21:00:00,2022-10-24 20:26:00,35.98336101391729,2.256611851169967
2214,Kin2,2022-10-24 21:02:00,2022-10-24 22:14:00,2022-10-24 21:38:00,36.732200506286965,2.2099867262939386
2215,Kin2,2022-10-24 22:15:00,2022-10-24 22:38:00,2022-10-24 22:26:30,37.24221265826804,2.178579524120503
2216,Kin2,2022-10-24 22:49:00,2022-10-25 00:05:00,2022-10-24 23:27:00,36.81780761723251,1.934864779312917
2217,Kin2,2022-10-25 00:11:00,2022-10-25 01:12:00,2022-10-25 00:41:30,35.90138658114297,1.5565561064385367
2218,Kin2,2022-10-25 01:15:00,2022-10-25 01:19:00,2022-10-25 01:17:00,35.46015889468756,1.376288215337322
2219,Kin2,2022-10-25 01:34:00,2022-10-25 03:15:00,2022-10-25 02:24:30,35.402938002411865,1.3517429999084452
2220,Kin2,2022-10-25 03:17:00,2022-10-25 04:09:00,2022-10-25 03:43:00,35.40055657110199,1.3519530146303658
2221,Kin2,2022-10-25 06:27:00,2022-10-25 07:32:00,2022-10-25 06:59:30,35.39459540865114,1.3524787202718613
2222,Kin2,2022-10-25 07:35:00,2022-10-25 08:45:00,2022-10-25 08:10:00,35.392456670977936,1.3526673322195732
2223,Kin2,2022-10-25 08:47:00,2022-10-25 09:47:00,2022-10-25 09:17:00,35.39042411177078,1.3528465804535692
2224,Kin2,2022-10-25 09:48:00,2022-10-25 11:05:00,2022-10-25 10:26:30,35.38831571080216,1.3530325170545052
2225,Kin2,2022-10-25 11:27:00,2022-10-25 12:32:00,2022-10-25 11:59:30,35.38549439727581,1.3532813243046786
2226,Kin2,2022-10-25 12:39:00,2022-10-25 13:45:00,2022-10-25 13:12:00,35.383294986193434,1.3534752869459428
2227,Kin2,2022-10-25 13:47:00,2022-10-25 14:15:00,2022-10-25 14:01:00,35.38180848766879,1.3536063789379695
2228,Kin2,2022-10-25 15:20:00,2022-10-25 17:15:00,2022-10-25 16:17:30,35.37766752749302,1.3539715637729017
2229,Kin2,2022-10-25 17:16:00,2022-10-25 18:53:00,2022-10-25 18:04:30,35.37442150010248,1.3542578258779399
2230,Kin2,2022-10-25 18:54:00,2022-10-25 19:54:00,2022-10-25 19:24:00,35.37200973208802,1.3544705159466364
2231,Kin2,2022-10-25 20:00:00,2022-10-25 23:00:00,2022-10-25 21:30:00,35.36818730731038,1.3548076096404198
2232,Kin2,2022-10-25 21:04:00,2022-10-25 22:08:00,2022-10-25 21:36:00,35.36800528708287,1.3548236617210765
2233,Kin2,2022-10-25 22:10:00,2022-10-25 23:11:00,2022-10-25 22:40:30,35.36604856963717,1.3549962215881322
2234,Kin2,2022-10-25 23:12:00,2022-10-26 00:17:00,2022-10-25 23:44:30,35.702219885683924,1.3551674437817998
2235,Kin2,2022-10-26 00:27:00,2022-10-26 01:06:00,2022-10-26 00:46:30,35.40698083850346,1.575197438085798
2236,Kin2,2022-10-26 01:09:00,2022-10-26 02:12:00,2022-10-26 01:40:30,35.52403663073211,2.0582976748690474
2237,Kin2,2022-10-26 02:18:00,2022-10-26 03:34:00,2022-10-26 02:56:00,35.49637853259568,2.367656115966688
2238,Kin2,2022-10-26 03:36:00,2022-10-26 04:49:00,2022-10-26 04:12:30,35.36239404974886,2.3556782362203714
2239,Kin2,2022-10-26 05:00:00,2022-10-26 06:13:00,2022-10-26 05:36:30,35.2152738332896,2.342526054538141
2240,Kin2,2022-10-26 06:15:00,2022-10-26 07:13:00,2022-10-26 06:44:00,35.0688351989968,2.33195733711492
2241,Kin2,2022-10-26 07:20:00,2022-10-26 08:20:00,2022-10-26 07:50:00,35.54687852048983,2.2927681709492846
2242,Kin2,2022-10-26 08:23:00,2022-10-26 09:23:00,2022-10-26 08:53:00,36.42556677924479,2.232430611036581
2243,Kin2,2022-10-26 09:24:00,2022-10-26 09:58:00,2022-10-26 09:41:00,37.095043547820005,2.1864591368173785
2244,Kin2,2022-10-26 10:28:00,2022-10-26 11:29:00,2022-10-26 10:58:30,38.1759695804154,2.1122343607342904
2245,Kin2,2022-10-26 11:29:00,2022-10-26 12:25:00,2022-10-26 11:57:00,38.99189439211644,2.056206626529637
2246,Kin2,2022-10-26 12:29:00,2022-10-26 13:25:00,2022-10-26 12:57:00,39.999446096479616,1.998742283755634
2247,Kin2,2022-10-26 13:32:00,2022-10-26 14:13:00,2022-10-26 13:52:30,39.67345778983693,1.8950408974431696
2248,Kin2,2022-10-26 14:32:00,2022-10-26 15:15:00,2022-10-26 14:53:30,38.182027033915325,1.7077876586297354
2250,Kin2,2022-10-26 16:28:00,2022-10-26 17:12:00,2022-10-26 16:50:00,36.20926452236888,1.5679536222186428
2251,Kin2,2022-10-26 17:14:00,2022-10-26 17:25:00,2022-10-26 17:19:30,36.21317470298216,1.6460997678074931
2252,Kin2,2022-10-26 17:29:00,2022-10-26 18:39:00,2022-10-26 18:04:00,36.21907311102593,1.763981241661861
2254,Kin2,2022-10-26 21:31:00,2022-10-26 22:30:00,2022-10-26 22:00:30,36.25042083017989,2.390474917314849
2255,Kin2,2022-10-26 22:32:00,2022-10-26 23:32:00,2022-10-26 23:02:00,36.219379269150096,2.553389763203469
2256,Kin2,2022-10-26 23:41:00,2022-10-27 00:46:00,2022-10-27 00:13:30,36.392785406510725,2.6118992032023045
2257,Kin2,2022-10-27 00:47:00,2022-10-27 01:46:00,2022-10-27 01:16:30,36.605248804995995,2.564594741444536
2258,Kin2,2022-10-27 05:12:00,2022-10-27 06:15:00,2022-10-27 05:43:30,37.50568892238597,2.364113927328279
2259,Kin2,2022-10-27 06:17:00,2022-10-27 07:16:00,2022-10-27 06:46:30,37.71815232087124,2.3168094655705107
2302,Kin2,2022-10-29 01:13:00,2022-10-29 01:54:00,2022-10-29 01:33:30,22.50780332863108,0.8951524725029814
2303,Kin2,2022-10-29 03:19:00,2022-10-29 04:40:00,2022-10-29 03:59:30,21.782398773659402,0.868011331330462
2304,Kin2,2022-10-29 04:43:00,2022-10-29 06:00:00,2022-10-29 05:21:30,21.374979777031477,0.8527676766993211
2305,Kin2,2022-10-29 08:19:00,2022-10-29 09:20:00,2022-10-29 08:49:30,20.341526712414293,0.8141008454398413
2306,Kin2,2022-10-29 09:56:00,2022-10-29 11:00:00,2022-10-29 10:28:00,20.072368691406364,0.7957898700597512
2309,Kin2,2022-10-29 13:49:00,2022-10-29 15:10:00,2022-10-29 14:29:30,27.022697197627792,1.0459876659012388
2310,Kin2,2022-10-29 15:16:00,2022-10-29 15:43:00,2022-10-29 15:29:30,28.187499025801678,1.094161145386196
2313,Kin2,2022-10-29 22:10:00,2022-10-29 23:16:00,2022-10-29 22:43:00,30.582191433104168,1.1827974287072849
2314,Kin2,2022-10-29 23:18:00,2022-10-30 00:20:00,2022-10-29 23:49:00,30.946781280582748,1.1962922261679352
2315,Kin2,2022-10-30 00:22:00,2022-10-30 01:26:00,2022-10-30 00:54:00,31.30584703946317,1.2095825570003935
2316,Kin2,2022-10-30 01:46:00,2022-10-30 02:55:00,2022-10-30 02:20:30,31.783680703204038,1.227268920338973
2318,Kin2,2022-10-30 03:11:00,2022-10-30 04:11:00,2022-10-30 03:41:00,32.22836983535594,1.2437284839084024
2319,Kin2,2022-10-30 04:12:00,2022-10-30 05:30:00,2022-10-30 04:51:00,32.67882021408738,1.2580411478818194
2320,Kin2,2022-10-30 05:41:00,2022-10-30 06:20:00,2022-10-30 06:00:30,32.616076326386576,1.351020891365784
2321,Kin2,2022-10-30 06:24:00,2022-10-30 07:26:00,2022-10-30 06:55:00,32.17800358845172,1.5142160657761288
2322,Kin2,2022-10-30 07:28:00,2022-10-30 08:23:00,2022-10-30 07:55:30,31.69170265918457,1.6953776814059607
2323,Kin2,2022-10-30 08:26:00,2022-10-30 09:12:00,2022-10-30 08:49:00,31.353088369514868,1.775814126069314
2506,Kin3,2022-11-11 09:02:00,2022-11-11 10:05:00,2022-11-11 09:33:30,37.693079700953916,0.8240720749849038
2507,Kin3,2022-11-11 10:06:00,2022-11-11 11:05:00,2022-11-11 10:35:30,38.39557654578145,0.8345130663781648
2516,Kin3,2022-11-12 03:15:00,2022-11-12 04:15:00,2022-11-12 03:45:00,42.81075724340091,0.9676268613955608
2517,Kin3,2022-11-12 04:24:00,2022-11-12 05:27:00,2022-11-12 04:55:30,42.69224628085202,0.9536658772299704
2518,Kin3,2022-11-12 05:47:00,2022-11-12 06:47:00,2022-11-12 06:17:00,42.43321850172032,0.9404414301505288
2519,Kin3,2022-11-12 06:58:00,2022-11-12 07:58:00,2022-11-12 07:28:00,41.98995143126225,0.9302566995697308
2520,Kin3,2022-11-12 08:00:00,2022-11-12 09:00:00,2022-11-12 08:30:00,41.73186012952068,0.9223147755457388
2522,Kin3,2022-11-12 10:15:00,2022-11-12 11:15:00,2022-11-12 10:45:00,41.71447818790502,0.9125457452337468
2523,Kin3,2022-11-12 11:17:00,2022-11-12 11:28:00,2022-11-12 11:22:30,41.74979622495509,0.910508742435507
2524,Kin3,2022-11-12 11:40:00,2022-11-12 12:53:00,2022-11-12 12:16:30,41.346002261798915,0.9113930909614061
2525,Kin3,2022-11-12 12:55:00,2022-11-12 13:38:00,2022-11-12 13:16:30,40.84076215680062,0.9131406177043719
2526,Kin3,2022-11-12 13:56:00,2022-11-12 14:33:00,2022-11-12 14:14:30,40.63276103400746,0.9735089995579378
2527,Kin3,2022-11-12 14:38:00,2022-11-12 15:39:00,2022-11-12 15:08:30,40.699114430553394,1.0707157290826348
2528,Kin3,2022-11-12 15:56:00,2022-11-12 17:06:00,2022-11-12 16:31:00,40.731058791693,1.1427210921783784
2529,Kin3,2022-11-12 17:07:00,2022-11-12 17:50:00,2022-11-12 17:28:30,40.70440979910455,1.1546453406231005
2531,Kin3,2022-11-12 18:08:00,2022-11-12 18:21:00,2022-11-12 18:14:30,40.74061350289704,1.1591473211033412
2535,Kin3,2022-11-12 19:10:00,2022-11-12 19:59:00,2022-11-12 19:34:30,40.864896513859705,1.1510645107043702
2536,Kin3,2022-11-12 20:06:00,2022-11-12 20:38:00,2022-11-12 20:22:00,40.8578741679594,1.1476718420358016
2537,Kin3,2022-11-12 20:46:00,2022-11-12 21:42:00,2022-11-12 21:14:00,40.76282554177299,1.1464001205561078
2539,Kin3,2022-11-12 22:15:00,2022-11-12 23:15:00,2022-11-12 22:45:00,40.52688364858613,1.1443517085486126
2540,Kin3,2022-11-12 23:17:00,2022-11-13 00:17:00,2022-11-12 23:47:00,40.329736061593415,1.143050162587793
2541,Kin3,2022-11-13 00:23:00,2022-11-13 01:23:00,2022-11-13 00:53:00,41.76187813257088,1.1548539563714686
2542,Kin3,2022-11-13 01:25:00,2022-11-13 02:25:00,2022-11-13 01:55:00,44.58868893487888,1.177986790331028
2543,Kin3,2022-11-13 02:30:00,2022-11-13 03:30:00,2022-11-13 03:00:00,45.970790463827214,1.1884337463157826
2544,Kin3,2022-11-13 03:31:00,2022-11-13 04:31:00,2022-11-13 04:01:00,46.03138003494156,1.1861988629173303
2545,Kin3,2022-11-13 08:37:00,2022-11-13 09:40:00,2022-11-13 09:08:30,46.43878657011786,1.1846413658451374
2521,Kin3,2022-11-13 09:06:00,2022-11-13 09:10:00,2022-11-13 09:08:00,46.43671349205199,1.184515283413415
2552,Kin3,2022-11-13 19:15:00,2022-11-13 20:15:00,2022-11-13 19:45:00,43.33001698726433,0.9845566736122608
2551,Kin3,2022-11-13 19:15:00,2022-11-13 20:15:00,2022-11-13 19:45:00,43.33001698726433,0.9845566736122608
2553,Kin3,2022-11-13 21:06:00,2022-11-13 22:06:00,2022-11-13 21:36:00,42.94475324173061,0.962609141395434
2554,Kin3,2022-11-13 22:08:00,2022-11-13 23:08:00,2022-11-13 22:38:00,42.88740312896833,0.9629049960346696
2555,Kin3,2022-11-13 23:09:00,2022-11-14 00:10:00,2022-11-13 23:39:30,42.88273788213824,0.9631984647493956
2556,Kin3,2022-11-14 00:15:00,2022-11-14 01:15:00,2022-11-14 00:45:00,42.52771996790673,0.9555286165773448
2557,Kin3,2022-11-14 01:17:00,2022-11-14 02:24:00,2022-11-14 01:50:30,41.9822229421474,0.9398600983979692
2558,Kin3,2022-11-14 02:26:00,2022-11-14 03:27:00,2022-11-14 02:56:30,41.3396365732402,0.9240719732095909
2559,Kin3,2022-11-14 03:32:00,2022-11-14 04:10:00,2022-11-14 03:51:00,41.20915807334219,0.9169769204544042
2560,Kin3,2022-11-14 05:00:00,2022-11-14 05:54:00,2022-11-14 05:27:00,41.45252814238872,0.920898910988606
2561,Kin3,2022-11-14 06:07:00,2022-11-14 07:07:00,2022-11-14 06:37:00,41.62998548440182,0.9237586957531282
2562,Kin3,2022-11-14 07:08:00,2022-11-14 07:37:00,2022-11-14 07:22:30,41.74533275671034,0.9256175558500677
2563,Kin3,2022-11-14 07:41:00,2022-11-14 07:53:00,2022-11-14 07:47:00,41.80744282641493,0.9266184805176504
2564,Kin3,2022-11-14 08:04:00,2022-11-14 08:08:00,2022-11-14 08:06:00,41.85560981924705,0.9273947078108778
2565,Kin3,2022-11-14 08:13:00,2022-11-14 08:23:00,2022-11-14 08:18:00,41.88603107787787,0.9278849566276532
2566,Kin3,2022-11-14 08:24:00,2022-11-14 08:37:00,2022-11-14 08:30:30,41.91771988895164,0.9283956324784607
2568,Kin3,2022-11-14 08:42:00,2022-11-14 08:49:00,2022-11-14 08:45:30,41.95574646224016,0.9290084434994295
2569,Kin3,2022-11-14 08:55:00,2022-11-14 09:04:00,2022-11-14 08:59:30,42.08004481639723,0.929580400452334
2570,Kin3,2022-11-14 09:17:00,2022-11-14 09:24:00,2022-11-14 09:20:30,42.0478215862447,0.9303643839908332
2571,Kin3,2022-11-14 09:32:00,2022-11-14 09:45:00,2022-11-14 09:38:30,42.09835072248068,0.9309915349366921
2572,Kin3,2022-11-14 09:53:00,2022-11-14 10:58:00,2022-11-14 10:25:30,42.230287911541296,0.9326290957397685
2574,Kin3,2022-11-14 11:12:00,2022-11-14 12:18:00,2022-11-14 11:45:00,42.503505999399366,0.9353990124173128
2574,Kin3,2022-11-14 11:12:00,2022-11-14 12:12:00,2022-11-14 11:42:00,42.490534682498,0.9352944872596696
2575,Kin3,2022-11-14 12:20:00,2022-11-14 13:30:00,2022-11-14 12:55:00,42.597586788723866,0.9415046687566976
2576,Kin3,2022-11-14 13:32:00,2022-11-14 14:27:00,2022-11-14 13:59:30,42.696189760113384,0.9495250549667091
2577,Kin3,2022-11-14 14:40:00,2022-11-14 15:37:00,2022-11-14 15:08:30,42.738147245368545,0.9581050030053263
2578,Kin3,2022-11-14 15:50:00,2022-11-14 16:58:00,2022-11-14 16:24:00,43.35703892041383,0.9642611537053468
2579,Kin3,2022-11-14 16:59:00,2022-11-14 18:06:00,2022-11-14 17:32:30,44.02442243897268,0.9678037450173949
2580,Kin3,2022-11-14 18:29:00,2022-11-14 19:34:00,2022-11-14 19:01:30,44.52227774853108,0.9771406108645696
2581,Kin3,2022-11-14 19:36:00,2022-11-14 20:24:00,2022-11-14 20:00:00,44.71527021189079,0.9865619675250764
2583,Kin3,2022-11-14 22:22:00,2022-11-14 23:50:00,2022-11-14 23:06:00,43.69712565155022,0.9994204083597964
2584,Kin3,2022-11-14 23:56:00,2022-11-15 01:00:00,2022-11-15 00:28:00,43.365936252464856,0.985631714861258
2586,Kin3,2022-11-15 02:29:00,2022-11-15 03:42:00,2022-11-15 03:05:30,42.69715857776724,0.958836191481472
2587,Kin3,2022-11-15 03:45:00,2022-11-15 04:43:00,2022-11-15 04:14:00,42.387676233151495,0.946779147352806
2613,Kin3,2022-11-16 09:19:00,2022-11-16 10:22:00,2022-11-16 09:50:30,42.07794999797785,0.9848876340437982
2614,Kin3,2022-11-16 10:23:00,2022-11-16 10:53:00,2022-11-16 10:38:00,42.45509580666473,0.984253764056564
2615,Kin3,2022-11-16 11:03:00,2022-11-16 12:01:00,2022-11-16 11:32:00,42.91296597865816,0.9835331539658136
2616,Kin3,2022-11-16 12:05:00,2022-11-16 13:02:00,2022-11-16 12:33:30,43.125457172611135,0.9861910830420778
2617,Kin3,2022-11-16 13:05:00,2022-11-16 14:05:00,2022-11-16 13:35:00,43.13236711191257,0.9921583957245886
2618,Kin3,2022-11-16 14:05:00,2022-11-16 15:26:00,2022-11-16 14:45:30,43.15367716495804,0.9989989736777106
2619,Kin3,2022-11-16 15:49:00,2022-11-16 16:56:00,2022-11-16 16:22:30,43.26509465175562,1.0059757713782296
2620,Kin3,2022-11-16 16:58:00,2022-11-16 17:57:00,2022-11-16 17:27:30,43.29554048891791,1.0093838046891754
2621,Kin3,2022-11-16 18:06:00,2022-11-16 19:07:00,2022-11-16 18:36:30,43.3477385359825,1.0129569254751951
2622,Kin3,2022-11-16 19:08:00,2022-11-16 20:09:00,2022-11-16 19:38:30,43.11899823476152,1.0161307889852225
2623,Kin3,2022-11-16 20:11:00,2022-11-16 20:38:00,2022-11-16 20:24:30,42.92675439091441,1.018485590944275
2624,Kin3,2022-11-16 20:58:00,2022-11-16 21:57:00,2022-11-16 21:27:30,42.82082481456332,1.015067709255122
2625,Kin3,2022-11-16 21:59:00,2022-11-16 22:58:00,2022-11-16 22:28:30,42.777132671672376,1.0061482081845408
2627,Kin3,2022-11-17 00:11:00,2022-11-17 01:13:00,2022-11-17 00:42:00,42.86818021428512,1.0034555279368476
2628,Kin3,2022-11-17 01:16:00,2022-11-17 01:59:00,2022-11-17 01:37:30,42.9234804463551,1.0045979341974356
2629,Kin3,2022-11-17 02:04:00,2022-11-17 03:09:00,2022-11-17 02:36:30,43.101926365582955,1.0046650861552893
2630,Kin3,2022-11-17 03:11:00,2022-11-17 03:18:00,2022-11-17 03:14:30,43.26661776593141,1.0042069521274506
2631,Kin3,2022-11-17 03:21:00,2022-11-17 04:21:00,2022-11-17 03:51:00,43.42480818995032,1.0037669023375535
2632,Kin3,2022-11-17 04:25:00,2022-11-17 05:00:00,2022-11-17 04:42:30,43.64974627425427,1.0031460101682463
2633,Kin3,2022-11-17 05:06:00,2022-11-17 06:06:00,2022-11-17 05:36:00,44.28418637019253,1.012217400129643
2634,Kin3,2022-11-17 06:08:00,2022-11-17 06:38:00,2022-11-17 06:23:00,45.07528895609735,1.0257673152044229
2635,Kin3,2022-11-17 06:45:00,2022-11-17 08:42:00,2022-11-17 07:43:30,46.355315734002176,1.0489751484708008
2626,Kin3,2022-11-17 23:06:00,2022-11-18 00:08:00,2022-11-17 23:37:00,49.35931339785325,1.1003547472442143
2637,Kin3,2022-11-18 05:22:00,2022-11-18 06:24:00,2022-11-18 05:53:00,46.188628898501406,1.0472173092097683
2638,Kin3,2022-11-18 06:33:00,2022-11-18 07:30:00,2022-11-18 07:01:30,45.86828844633405,1.0362859756832128
2646,Kin3,2022-11-18 09:03:00,2022-11-18 10:03:00,2022-11-18 09:33:00,45.158298698065565,1.0105127682067785
2647,Kin3,2022-11-18 10:06:00,2022-11-18 11:04:00,2022-11-18 10:35:00,44.83877007940842,0.9961797132682848
2648,Kin3,2022-11-18 11:07:00,2022-11-18 12:05:00,2022-11-18 11:36:00,44.53101011117239,0.9820778366352504
2649,Kin3,2022-11-18 12:05:00,2022-11-18 12:14:00,2022-11-18 12:09:30,44.36619856604344,0.9743333634023545
2650,Kin3,2022-11-18 12:18:00,2022-11-18 13:30:00,2022-11-18 12:54:00,44.61049695945808,0.977376391711967
2651,Kin3,2022-11-18 13:51:00,2022-11-18 14:48:00,2022-11-18 14:19:30,45.230474228498494,0.9875779010606205
2658,Kin3,2022-11-18 16:00:00,2022-11-18 17:03:00,2022-11-18 16:31:30,45.38716939941432,0.9954328760958656
2659,Kin3,2022-11-18 17:31:00,2022-11-18 18:32:00,2022-11-18 18:01:30,45.247349521081546,0.9985230279284087
2660,Kin3,2022-11-18 18:40:00,2022-11-18 19:45:00,2022-11-18 19:12:30,45.05248202175912,1.0009608143740816
2661,Kin3,2022-11-18 19:54:00,2022-11-18 20:55:00,2022-11-18 20:24:30,44.90914576154505,0.9984419402997421
2662,Kin3,2022-11-18 20:59:00,2022-11-18 21:33:00,2022-11-18 21:16:00,44.66725030651966,0.9932475860742082
2667,Kin3,2022-11-18 22:13:00,2022-11-18 23:11:00,2022-11-18 22:42:00,44.12349777907947,0.984573518823802
2668,Kin3,2022-11-18 23:16:00,2022-11-19 00:17:00,2022-11-18 23:46:30,44.180124146819985,0.9817388485044608
2669,Kin3,2022-11-19 00:19:00,2022-11-19 01:20:00,2022-11-19 00:49:30,44.29958267660109,0.9823225533611988
2670,Kin3,2022-11-19 01:21:00,2022-11-19 02:20:00,2022-11-19 01:50:30,44.45081501502192,0.9828877279050243
2671,Kin3,2022-11-19 02:28:00,2022-11-19 03:29:00,2022-11-19 02:58:30,44.39613440436091,0.9837814782393338
2674,Kin3,2022-11-19 03:47:00,2022-11-19 04:50:00,2022-11-19 04:18:30,44.22772802817765,0.9851413879881799
2676,Kin3,2022-11-19 05:18:00,2022-11-19 06:18:00,2022-11-19 05:48:00,44.15579654153477,0.9856705168694748
2677,Kin3,2022-11-19 06:22:00,2022-11-19 07:23:00,2022-11-19 06:52:30,44.336806035007264,0.98483725290781
2678,Kin3,2022-11-19 07:25:00,2022-11-19 07:29:00,2022-11-19 07:27:00,44.43362506639953,0.9843915535794776
2679,Kin3,2022-11-19 07:33:00,2022-11-19 08:24:00,2022-11-19 07:58:30,44.48640602176572,0.9839846107144784
2680,Kin3,2022-11-19 08:26:00,2022-11-19 09:40:00,2022-11-19 09:03:00,44.65201861685578,0.9856065546381612
2681,Kin3,2022-11-19 09:43:00,2022-11-19 10:41:00,2022-11-19 10:12:00,44.7490391394985,0.9893650007414873
2683,Kin3,2022-11-19 11:01:00,2022-11-19 11:34:00,2022-11-19 11:17:30,44.86642349652521,0.992932801027978
2684,Kin3,2022-11-19 11:38:00,2022-11-19 12:25:00,2022-11-19 12:01:30,44.851361634538634,0.9939951170787396
2685,Kin3,2022-11-19 12:29:00,2022-11-19 13:19:00,2022-11-19 12:54:00,44.82156293707035,0.9941775566963774
2687,Kin3,2022-11-19 13:37:00,2022-11-19 14:33:00,2022-11-19 14:05:00,44.760034844690566,0.9944242845602306
2688,Kin3,2022-11-19 14:42:00,2022-11-19 15:42:00,2022-11-19 15:12:00,44.72417007204981,0.9915726660389168
2689,Kin3,2022-11-19 15:45:00,2022-11-19 16:49:00,2022-11-19 16:17:00,44.65140912632232,0.9859956781166584
2690,Kin3,2022-11-19 16:51:00,2022-11-19 17:32:00,2022-11-19 17:11:30,44.56021263917154,0.9813195882433803
2691,Kin3,2022-11-19 17:43:00,2022-11-19 18:44:00,2022-11-19 18:13:30,44.5291472715791,0.9817669835613282
2692,Kin3,2022-11-19 18:45:00,2022-11-19 19:46:00,2022-11-19 19:15:30,44.47324012018531,0.9859991224757683
2693,Kin3,2022-11-19 19:50:00,2022-11-19 20:33:00,2022-11-19 20:11:30,44.39906324876499,0.9898216995597788
2694,Kin3,2022-11-19 20:40:00,2022-11-19 21:41:00,2022-11-19 21:10:30,44.54505418995142,0.9921316960920977
2695,Kin3,2022-11-19 21:43:00,2022-11-19 22:44:00,2022-11-19 22:13:30,44.807666809224244,0.9933066132004363
2696,Kin3,2022-11-19 22:46:00,2022-11-19 23:26:00,2022-11-19 23:06:00,45.00150872161365,0.9942857107907186
2697,Kin3,2022-11-19 23:33:00,2022-11-20 00:33:00,2022-11-20 00:03:00,45.23300550295621,0.9984732674747946
2698,Kin3,2022-11-20 00:34:00,2022-11-20 01:34:00,2022-11-20 01:04:00,45.43222715159129,1.0051407712086018
2699,Kin3,2022-11-20 01:35:00,2022-11-20 02:35:00,2022-11-20 02:05:00,45.59593592936079,1.0118082749424089
2700,Kin3,2022-11-20 02:38:00,2022-11-20 03:38:00,2022-11-20 03:08:00,45.831197579279554,1.0159450246875372
2701,Kin3,2022-11-20 03:39:00,2022-11-20 04:40:00,2022-11-20 04:09:30,46.02030381350255,1.0172879961747106
2702,Kin3,2022-11-20 04:44:00,2022-11-20 05:43:00,2022-11-20 05:13:30,46.16738739136982,1.0186855599987608
2703,Kin3,2022-11-20 05:46:00,2022-11-20 06:47:00,2022-11-20 06:16:30,46.42039240834719,1.0222288396402557
2704,Kin3,2022-11-20 06:48:00,2022-11-20 07:48:00,2022-11-20 07:18:00,46.62795159828689,1.0277484532452357
2705,Kin3,2022-11-20 07:50:00,2022-11-20 08:43:00,2022-11-20 08:16:30,46.81743370812157,1.0329988174060707
2706,Kin3,2022-11-20 08:50:00,2022-11-20 09:54:00,2022-11-20 09:22:00,46.93312944604919,1.0375652931783876
2707,Kin3,2022-11-20 09:56:00,2022-11-20 10:40:00,2022-11-20 10:18:00,46.94650834756814,1.040557712402287
2709,Kin3,2022-11-20 11:09:00,2022-11-20 11:54:00,2022-11-20 11:31:30,47.0480023246982,1.0444852626336547
2710,Kin3,2022-11-20 12:01:00,2022-11-20 12:16:00,2022-11-20 12:08:30,46.94457348487084,1.0453890927595981
2711,Kin3,2022-11-20 12:24:00,2022-11-20 13:33:00,2022-11-20 12:58:30,46.83845933973204,1.0435887956208596
2712,Kin3,2022-11-20 13:37:00,2022-11-20 14:42:00,2022-11-20 14:09:30,46.687777253634955,1.0410323736838507
2713,Kin3,2022-11-20 14:42:00,2022-11-20 15:01:00,2022-11-20 14:51:30,46.60227934346727,1.0395201240873106
2714,Kin3,2022-11-20 15:07:00,2022-11-20 16:07:00,2022-11-20 15:37:00,46.60271680680104,1.0384975741484963
2715,Kin3,2022-11-20 16:11:00,2022-11-20 17:11:00,2022-11-20 16:41:00,46.661676456814966,1.0373849108253064
2716,Kin3,2022-11-20 17:12:00,2022-11-20 18:14:00,2022-11-20 17:43:00,46.65762735675136,1.0363070182309662
2717,Kin3,2022-11-20 18:19:00,2022-11-20 19:22:00,2022-11-20 18:50:30,46.750823323404276,1.036861313276575
2718,Kin3,2022-11-20 19:25:00,2022-11-20 20:29:00,2022-11-20 19:57:00,46.754074677832406,1.039029174249989
2719,Kin3,2022-11-20 20:30:00,2022-11-20 21:29:00,2022-11-20 20:59:30,46.749042016914096,1.0410666375708666
2720,Kin3,2022-11-20 21:34:00,2022-11-20 22:35:00,2022-11-20 22:04:30,46.76269326099204,1.0408352925385198
2721,Kin3,2022-11-20 22:37:00,2022-11-20 23:38:00,2022-11-20 23:07:30,46.77032625965204,1.038402106056214
2722,Kin3,2022-11-20 23:40:00,2022-11-21 00:40:00,2022-11-21 00:10:00,46.76218276050367,1.035988230577736
2723,Kin3,2022-11-21 00:44:00,2022-11-21 01:45:00,2022-11-21 01:14:30,46.80923256512236,1.0358143297402154
2724,Kin3,2022-11-21 01:46:00,2022-11-21 02:46:00,2022-11-21 02:16:00,46.86252939436078,1.0379560001160024
2725,Kin3,2022-11-21 02:48:00,2022-11-21 03:48:00,2022-11-21 03:18:00,46.96030737637571,1.0401150824460643
2726,Kin3,2022-11-21 03:52:00,2022-11-21 04:52:00,2022-11-21 04:22:00,47.15418949900036,1.0436860915628332
2727,Kin3,2022-11-21 04:53:00,2022-11-21 05:49:00,2022-11-21 05:21:00,47.54474793915248,1.0482376372972593
2728,Kin3,2022-11-21 05:52:00,2022-11-21 06:52:00,2022-11-21 06:22:00,47.968825106605856,1.052943472717598
2729,Kin3,2022-11-21 06:55:00,2022-11-21 07:55:00,2022-11-21 07:25:00,48.2947619923142,1.060775685206547
2730,Kin3,2022-11-21 07:57:00,2022-11-21 08:24:00,2022-11-21 08:10:30,48.51474067073299,1.0686177555689451
2763,Kin3,2022-11-21 22:39:00,2022-11-21 23:44:00,2022-11-21 23:11:30,48.71654855650592,1.097224186942316
2764,Kin3,2022-11-21 23:47:00,2022-11-22 00:47:00,2022-11-22 00:17:00,44.752171371252025,0.9964569834111442
2765,Kin3,2022-11-22 00:49:00,2022-11-22 00:51:00,2022-11-22 00:50:00,45.253661061222864,1.0079306439818887
2766,Kin3,2022-11-22 01:55:00,2022-11-22 02:55:00,2022-11-22 02:25:00,46.28530333389151,1.02984232257614
2767,Kin3,2022-11-22 02:57:00,2022-11-22 03:57:00,2022-11-22 03:27:00,46.413291235929165,1.0292806992590335
2768,Kin3,2022-11-22 04:01:00,2022-11-22 05:01:00,2022-11-22 04:31:00,46.52606930042771,1.02870095906073
2769,Kin3,2022-11-22 05:05:00,2022-11-22 06:06:00,2022-11-22 05:35:30,24.08727526804895,0.5483808965863044
2770,Kin3,2022-11-22 06:08:00,2022-11-22 06:40:00,2022-11-22 06:24:00,28.79469999401513,0.6436606338518435
2959,Kin3,2022-12-01 08:45:00,2022-12-01 10:06:00,2022-12-01 09:25:30,35.95966365187999,1.0075810172389625
2964,Kin3,2022-12-01 11:09:00,2022-12-01 12:28:00,2022-12-01 11:48:30,29.31735965314971,0.8185817952977947
2966,Kin3,2022-12-01 12:37:00,2022-12-01 14:07:00,2022-12-01 13:22:00,32.48247775657779,0.9186479821641664
2967,Kin3,2022-12-01 14:20:00,2022-12-01 15:09:00,2022-12-01 14:44:30,34.87611236678259,0.9914280349705742
2968,Kin3,2022-12-01 15:13:00,2022-12-01 17:13:00,2022-12-01 16:13:00,36.70886793617879,1.0449749547673026
2970,Kin3,2022-12-01 17:28:00,2022-12-01 18:43:00,2022-12-01 18:05:30,38.53107095614919,1.0934696670745443
2971,Kin3,2022-12-01 18:51:00,2022-12-01 18:58:00,2022-12-01 18:54:30,39.04765964570305,1.1038258591247185
2973,Kin3,2022-12-01 19:28:00,2022-12-01 20:34:00,2022-12-01 20:01:00,39.6649872832227,1.117880691192812
2974,Kin3,2022-12-01 21:01:00,2022-12-01 21:51:00,2022-12-01 21:26:00,40.054758816403066,1.1228450556549083
2976,Kin3,2022-12-01 22:03:00,2022-12-01 22:16:00,2022-12-01 22:09:30,39.9984236597474,1.1206943858092249
2981,Kin3,2022-12-01 22:49:00,2022-12-01 22:55:00,2022-12-01 22:52:00,39.94338356416427,1.1185931566496492
2983,Kin3,2022-12-01 23:20:00,2022-12-02 00:21:00,2022-12-01 23:50:30,39.87157965926332,1.115476167022721
2984,Kin3,2022-12-02 00:28:00,2022-12-02 02:28:00,2022-12-02 01:28:00,39.73108179929626,1.1098971597265694
2985,Kin3,2022-12-02 02:57:00,2022-12-02 04:57:00,2022-12-02 03:57:00,39.63364347685077,1.1125258840057946
2986,Kin3,2022-12-02 05:08:00,2022-12-02 05:32:00,2022-12-02 05:20:00,39.58027991093657,1.1154275598543857
2988,Kin3,2022-12-02 05:44:00,2022-12-02 06:19:00,2022-12-02 06:01:30,39.53247361910851,1.110145963813504
2989,Kin3,2022-12-02 07:23:00,2022-12-02 09:22:00,2022-12-02 08:22:30,39.98554410153635,1.119421225709412
2990,Kin3,2022-12-02 09:30:00,2022-12-02 10:08:00,2022-12-02 09:49:00,40.38029121354323,1.1327994044292693
2995,Kin3,2022-12-02 10:45:00,2022-12-02 12:47:00,2022-12-02 11:46:00,40.80252090123778,1.1463887149042122
2996,Kin3,2022-12-02 12:56:00,2022-12-02 13:12:00,2022-12-02 13:04:00,40.01904984138883,1.1234739661125204
3005,Kin3,2022-12-03 01:51:00,2022-12-03 03:13:00,2022-12-03 02:32:00,28.468056353088784,0.8373389457171094
3006,Kin3,2022-12-03 04:00:00,2022-12-03 05:00:00,2022-12-03 04:30:00,32.40722329570988,0.9650495424354298
3007,Kin3,2022-12-03 05:08:00,2022-12-03 07:32:00,2022-12-03 06:20:00,34.666136134073355,1.0318373246084818
3008,Kin3,2022-12-03 07:41:00,2022-12-03 08:41:00,2022-12-03 08:11:00,36.2607569830124,1.0683569856357815
3009,Kin3,2022-12-03 08:43:00,2022-12-03 09:30:00,2022-12-03 09:06:30,36.900254635259934,1.0781236855747434
3011,Kin3,2022-12-03 10:40:00,2022-12-03 11:40:00,2022-12-03 11:10:00,38.28198695666583,1.11625909691493
3013,Kin3,2022-12-03 11:51:00,2022-12-03 12:53:00,2022-12-03 12:22:00,39.09213701829425,1.1453621456092846
3014,Kin3,2022-12-03 13:03:00,2022-12-03 14:02:00,2022-12-03 13:32:30,39.48444745183103,1.160124222371007
3016,Kin3,2022-12-03 14:13:00,2022-12-03 15:13:00,2022-12-03 14:43:00,39.653178837306974,1.162260882637627
3017,Kin3,2022-12-03 15:19:00,2022-12-03 16:18:00,2022-12-03 15:48:30,39.97458175538864,1.1733489796163004
3018,Kin3,2022-12-03 16:59:00,2022-12-03 17:47:00,2022-12-03 17:23:00,40.47686489145395,1.2018660237048535
3019,Kin3,2022-12-03 18:00:00,2022-12-03 18:48:00,2022-12-03 18:24:00,40.63655209185101,1.2046266077077683
3020,Kin3,2022-12-03 18:56:00,2022-12-03 19:55:00,2022-12-03 19:25:30,40.64253095420475,1.1952113227485204
3021,Kin3,2022-12-03 20:00:00,2022-12-03 20:56:00,2022-12-03 20:28:00,40.817732357235165,1.1985944002586797
3022,Kin3,2022-12-03 20:59:00,2022-12-03 21:22:00,2022-12-03 21:10:30,41.07659610181207,1.2101448812875963
3024,Kin3,2022-12-03 22:00:00,2022-12-03 22:42:00,2022-12-03 22:21:00,41.55388579033112,1.2293050909943877
3025,Kin3,2022-12-03 22:47:00,2022-12-03 23:47:00,2022-12-03 23:17:00,41.85693592127775,1.2368738199364715
3026,Kin3,2022-12-03 23:51:00,2022-12-04 01:26:00,2022-12-04 00:38:30,42.414163693848295,1.2398477268819832
3027,Kin3,2022-12-04 01:35:00,2022-12-04 03:54:00,2022-12-04 02:44:30,42.477597133392436,1.2396263728537666
3028,Kin3,2022-12-04 03:59:00,2022-12-04 05:59:00,2022-12-04 04:59:00,42.201102732154425,1.237931536148067
3029,Kin3,2022-12-04 06:01:00,2022-12-04 06:46:00,2022-12-04 06:23:30,42.107251355977816,1.2382862925472216
3030,Kin3,2022-12-04 06:52:00,2022-12-04 08:25:00,2022-12-04 07:38:30,42.020366553021276,1.2355678197817097
3035,Kin3,2022-12-04 09:22:00,2022-12-04 11:20:00,2022-12-04 10:21:00,40.08383829172923,1.1775020166434602
3036,Kin3,2022-12-04 11:32:00,2022-12-04 13:02:00,2022-12-04 12:17:00,40.38966280799002,1.1895063231432852
3037,Kin3,2022-12-04 13:07:00,2022-12-04 13:30:00,2022-12-04 13:18:30,40.36201770559,1.191705946891847
3038,Kin3,2022-12-04 13:39:00,2022-12-04 15:39:00,2022-12-04 14:39:00,40.41721378608711,1.1825501428788003
3039,Kin3,2022-12-04 15:44:00,2022-12-04 16:18:00,2022-12-04 16:01:00,38.8897891330837,1.130685992047224
3043,Kin3,2022-12-04 17:22:00,2022-12-04 19:27:00,2022-12-04 18:24:30,39.818768747987676,1.170037174094671
3045,Kin3,2022-12-04 19:56:00,2022-12-04 22:00:00,2022-12-04 20:58:00,40.47355395499945,1.193420046231594
3046,Kin3,2022-12-04 22:02:00,2022-12-04 23:03:00,2022-12-04 22:32:30,40.623598413485155,1.1991652596244824
3047,Kin3,2022-12-04 23:09:00,2022-12-04 23:27:00,2022-12-04 23:18:00,40.67510436206469,1.2004137661347274
3048,Kin3,2022-12-04 23:32:00,2022-12-05 01:31:00,2022-12-05 00:31:30,40.68848036389079,1.195922306412124
3049,Kin3,2022-12-05 01:37:00,2022-12-05 03:37:00,2022-12-05 02:37:00,40.30035636953691,1.183086935624352
3050,Kin3,2022-12-05 03:42:00,2022-12-05 05:40:00,2022-12-05 04:41:00,40.15073615779965,1.1788614905446737
3051,Kin3,2022-12-05 05:46:00,2022-12-05 07:50:00,2022-12-05 06:48:00,40.20696539927888,1.191556650490749
3052,Kin3,2022-12-05 07:54:00,2022-12-05 08:57:00,2022-12-05 08:25:30,40.22642632078162,1.195402284622227
3054,Kin3,2022-12-05 09:48:00,2022-12-05 10:31:00,2022-12-05 10:09:30,40.30634568080602,1.1829154759937028
3055,Kin3,2022-12-05 10:38:00,2022-12-05 11:15:00,2022-12-05 10:56:30,40.12768808669887,1.1784406877262288
3058,Kin3,2022-12-05 11:47:00,2022-12-05 12:58:00,2022-12-05 12:22:30,39.67820660462792,1.172286939685676
3059,Kin3,2022-12-05 13:06:00,2022-12-05 14:10:00,2022-12-05 13:38:00,39.82222064637644,1.1825396926623282
3061,Kin3,2022-12-05 14:31:00,2022-12-05 15:22:00,2022-12-05 14:56:30,40.580310716923954,1.2126819961304176
3062,Kin3,2022-12-05 15:31:00,2022-12-05 16:35:00,2022-12-05 16:03:00,41.22251440726039,1.2382165589409648
3063,Kin3,2022-12-05 16:37:00,2022-12-05 17:44:00,2022-12-05 17:10:30,41.87437529594774,1.2641351001396406
3064,Kin3,2022-12-05 17:50:00,2022-12-05 19:11:00,2022-12-05 18:30:30,42.558581796517345,1.2948533711899228
3065,Kin3,2022-12-05 19:29:00,2022-12-05 20:27:00,2022-12-05 19:58:00,43.09207792188226,1.3043777597931605
3068,Kin3,2022-12-05 20:58:00,2022-12-05 21:56:00,2022-12-05 21:27:00,43.15952516172669,1.2908687255384663
3069,Kin3,2022-12-05 21:58:00,2022-12-05 22:36:00,2022-12-05 22:17:00,43.2204786016298,1.28327938045156
3076,Kin3,2022-12-06 00:42:00,2022-12-06 01:40:00,2022-12-06 01:11:00,41.67481522700672,1.2237689896508948
3077,Kin3,2022-12-06 01:47:00,2022-12-06 03:51:00,2022-12-06 02:49:00,42.08758304752237,1.2349403855421022
3079,Kin3,2022-12-06 04:30:00,2022-12-06 06:31:00,2022-12-06 05:30:30,42.88663224854183,1.2689825079621078
3080,Kin3,2022-12-06 06:41:00,2022-12-06 07:46:00,2022-12-06 07:13:30,43.241533100287654,1.279920220286642
3082,Kin3,2022-12-06 08:00:00,2022-12-06 09:40:00,2022-12-06 08:50:00,43.205774456013145,1.273740018265814
3089,Kin3,2022-12-06 23:27:00,2022-12-07 01:43:00,2022-12-07 00:35:00,43.178724175519925,1.2632153688590475
3090,Kin3,2022-12-07 01:45:00,2022-12-07 03:06:00,2022-12-07 02:25:30,42.81800662132146,1.2470087938427348
3091,Kin3,2022-12-07 03:13:00,2022-12-07 04:50:00,2022-12-07 04:01:30,42.44272369729238,1.2377740953971894
3092,Kin3,2022-12-07 04:52:00,2022-12-07 06:54:00,2022-12-07 05:53:00,41.97400566363414,1.2317177207176502
3093,Kin3,2022-12-07 06:59:00,2022-12-07 08:03:00,2022-12-07 07:31:00,41.98529434301621,1.2304625533447713
3510,Kin4a,2023-01-15 17:36:00,2023-01-15 18:06:00,2023-01-15 17:51:00,50.0706826950947,1.6283021880000736
3511,Kin4a,2023-01-15 18:09:00,2023-01-15 18:41:00,2023-01-15 18:25:00,50.08030990958355,1.6287179785228616
3512,Kin4a,2023-01-15 18:45:00,2023-01-15 19:12:00,2023-01-15 18:58:30,50.08979554738873,1.629127654479138
3514,Kin4a,2023-01-15 19:29:00,2023-01-15 20:03:00,2023-01-15 19:46:00,50.103245332336385,1.6297085382977385
3515,Kin4a,2023-01-15 20:31:00,2023-01-15 20:40:00,2023-01-15 20:35:30,50.11726142401867,1.6303138803823858
3517,Kin4a,2023-01-15 21:02:00,2023-01-15 22:12:00,2023-01-15 21:37:00,50.13467535610879,1.6310659720633107
3518,Kin4a,2023-01-15 22:14:00,2023-01-15 23:07:00,2023-01-15 22:40:30,50.15265559493354,1.6318425220102823
3519,Kin4a,2023-01-15 23:10:00,2023-01-16 00:43:00,2023-01-15 23:56:30,50.174175250849785,1.6327719361200437
3520,Kin4a,2023-01-16 00:45:00,2023-01-16 02:00:00,2023-01-16 01:22:30,50.19852644043921,1.6338236415600365
3521,Kin4a,2023-01-16 02:06:00,2023-01-16 02:33:00,2023-01-16 02:19:30,50.2146661823764,1.6345207021423573
3523,Kin4a,2023-01-16 02:39:00,2023-01-16 04:08:00,2023-01-16 03:23:30,50.232787997884806,1.6353033666558405
3524,Kin4a,2023-01-16 04:12:00,2023-01-16 05:41:00,2023-01-16 04:56:30,50.25912126104547,1.6364406760269956
3525,Kin4a,2023-01-16 05:43:00,2023-01-16 07:20:00,2023-01-16 06:31:30,50.28602083094077,1.6376024436641972
3526,Kin4a,2023-01-16 07:23:00,2023-01-16 08:18:00,2023-01-16 07:50:30,50.30838994695897,1.6385685451730279
3552,Kin4a,2023-01-16 21:11:00,2023-01-16 22:28:00,2023-01-16 21:49:30,52.2524615876361,1.701470366991808
3554,Kin4a,2023-01-17 00:02:00,2023-01-17 00:12:00,2023-01-17 00:07:00,49.47109771194367,1.6161001362403686
3555,Kin4a,2023-01-17 00:21:00,2023-01-17 01:21:00,2023-01-17 00:51:00,49.09435650638783,1.6033048994733847
3556,Kin4a,2023-01-17 01:23:00,2023-01-17 02:23:00,2023-01-17 01:53:00,48.84137160572568,1.5951108795802569
3557,Kin4a,2023-01-17 02:24:00,2023-01-17 03:29:00,2023-01-17 02:56:30,48.58229877638284,1.5867186172703598
3558,Kin4a,2023-01-17 03:34:00,2023-01-17 04:34:00,2023-01-17 04:04:00,48.4100390699121,1.582472718339335
3559,Kin4a,2023-01-17 04:36:00,2023-01-17 05:38:00,2023-01-17 05:07:00,48.3630417754834,1.5836627119202034
3560,Kin4a,2023-01-17 05:40:00,2023-01-17 06:35:00,2023-01-17 06:07:30,48.507445801160415,1.584805483533577
3561,Kin4a,2023-01-17 06:40:00,2023-01-17 07:40:00,2023-01-17 07:10:00,48.50294679044759,1.5881569720631192
3562,Kin4a,2023-01-17 07:42:00,2023-01-17 08:45:00,2023-01-17 08:13:30,48.91242476174862,1.5936376102930143
3563,Kin4a,2023-01-17 08:47:00,2023-01-17 08:54:00,2023-01-17 08:50:30,49.14098181026387,1.5968310530411423
3578,Kin4a,2023-01-17 15:33:00,2023-01-17 16:19:00,2023-01-17 15:56:00,48.91020695037964,1.6102531324872127
3579,Kin4a,2023-01-17 16:28:00,2023-01-17 17:35:00,2023-01-17 17:01:30,48.696047226314406,1.6004001407170885
3580,Kin4a,2023-01-17 17:36:00,2023-01-17 18:30:00,2023-01-17 18:03:00,48.49496595868064,1.5911488583680409
3581,Kin4a,2023-01-17 18:31:00,2023-01-17 19:25:00,2023-01-17 18:58:00,48.25294139516164,1.5828753538282416
3582,Kin4a,2023-01-17 20:13:00,2023-01-17 20:52:00,2023-01-17 20:32:30,48.69224205551433,1.587223962756711
3583,Kin4a,2023-01-17 20:57:00,2023-01-17 21:25:00,2023-01-17 21:11:00,48.97283861607188,1.5924309261326417
3588,Kin4a,2023-01-17 22:39:00,2023-01-17 23:39:00,2023-01-17 23:09:00,49.395001219124346,1.6024658688528757
3589,Kin4a,2023-01-17 23:41:00,2023-01-18 00:51:00,2023-01-18 00:16:00,48.57256145906579,1.5916651783788407
3591,Kin4a,2023-01-18 02:01:00,2023-01-18 03:01:00,2023-01-18 02:31:00,47.368797440247,1.5751017175585411
3592,Kin4a,2023-01-18 03:03:00,2023-01-18 04:03:00,2023-01-18 03:33:00,47.49500625595331,1.574204293824288
3593,Kin4a,2023-01-18 04:04:00,2023-01-18 05:03:00,2023-01-18 04:33:30,47.61816163256994,1.5733285819545733
3594,Kin4a,2023-01-18 05:09:00,2023-01-18 06:09:00,2023-01-18 05:39:00,47.75149513948547,1.5723804972030635
3595,Kin4a,2023-01-18 06:11:00,2023-01-18 07:11:00,2023-01-18 06:41:00,47.87770395519178,1.5714830734688106
3596,Kin4a,2023-01-18 07:13:00,2023-01-18 07:21:00,2023-01-18 07:17:00,47.95350563011917,1.5709619887198891
3671,Kin4a,2023-01-20 03:43:00,2023-01-20 04:33:00,2023-01-20 04:08:00,52.72588199576375,1.763794030186688
3672,Kin4a,2023-01-20 04:38:00,2023-01-20 06:04:00,2023-01-20 05:21:00,52.18147327098063,1.746212055351029
3673,Kin4a,2023-01-20 06:06:00,2023-01-20 07:08:00,2023-01-20 06:37:00,50.54426931984382,1.7138998894904398
3694,Kin4a,2023-01-21 05:43:00,2023-01-21 06:20:00,2023-01-21 06:01:30,55.30854404766268,2.1090099765881742
3695,Kin4a,2023-01-21 06:22:00,2023-01-21 06:50:00,2023-01-21 06:36:00,54.66301621779273,2.0917071138370265
3696,Kin4a,2023-01-21 07:46:00,2023-01-21 07:56:00,2023-01-21 07:51:00,53.97132949152224,2.0604159878647645
3697,Kin4a,2023-01-21 08:00:00,2023-01-21 08:40:00,2023-01-21 08:20:00,54.053813931320974,2.057767119979464
3698,Kin4a,2023-01-21 08:42:00,2023-01-21 09:28:00,2023-01-21 09:05:00,54.18180702756039,2.0536568077436503
3701,Kin4a,2023-01-21 10:27:00,2023-01-21 11:13:00,2023-01-21 10:50:00,53.872011890061,2.044066079193421
3702,Kin4a,2023-01-21 11:21:00,2023-01-21 13:00:00,2023-01-21 12:10:30,53.88916536776092,2.0271046333370286
3703,Kin4a,2023-01-21 13:02:00,2023-01-21 14:18:00,2023-01-21 13:40:00,52.78005350132864,2.002999473750497
3704,Kin4a,2023-01-21 14:22:00,2023-01-21 16:08:00,2023-01-21 15:15:00,52.142586177686496,1.9894610095381149
3705,Kin4a,2023-01-21 16:08:00,2023-01-21 17:18:00,2023-01-21 16:43:00,51.92935299410612,1.984569289736257
3706,Kin4a,2023-01-21 17:24:00,2023-01-21 17:47:00,2023-01-21 17:35:30,51.873244146920015,1.9834513862182113
3708,Kin4a,2023-01-21 18:10:00,2023-01-21 18:38:00,2023-01-21 18:24:00,52.20463673299624,1.9868476088251368
3709,Kin4a,2023-01-21 18:44:00,2023-01-21 19:48:00,2023-01-21 19:16:00,52.55994424796455,1.990488919661428
3710,Kin4a,2023-01-21 19:52:00,2023-01-21 21:03:00,2023-01-21 20:27:30,52.962244035134304,1.995495722061328
3711,Kin4a,2023-01-21 21:09:00,2023-01-21 22:30:00,2023-01-21 21:49:30,52.691185024845495,1.9838740180595227
3712,Kin4a,2023-01-21 22:31:00,2023-01-21 23:33:00,2023-01-21 23:02:00,51.62474080190788,1.9604049634906997
3713,Kin4a,2023-01-21 23:37:00,2023-01-22 01:04:00,2023-01-22 00:20:30,51.34696690391651,1.951013229500556
3714,Kin4a,2023-01-22 01:06:00,2023-01-22 02:35:00,2023-01-22 01:50:30,51.592937324090286,1.9531426100835807
3715,Kin4a,2023-01-22 02:38:00,2023-01-22 04:34:00,2023-01-22 03:36:00,51.71322658956552,1.9583774482524456
3716,Kin4a,2023-01-22 04:36:00,2023-01-22 05:34:00,2023-01-22 05:05:00,51.71538170935992,1.9646593035930575
3717,Kin4a,2023-01-22 05:37:00,2023-01-22 07:07:00,2023-01-22 06:22:00,51.97323658944055,1.972047854811937
3718,Kin4a,2023-01-22 07:09:00,2023-01-22 08:27:00,2023-01-22 07:48:00,52.72152175535471,1.9816852049888145
3719,Kin4a,2023-01-22 08:37:00,2023-01-22 10:26:00,2023-01-22 09:31:30,52.8013023365334,1.9990091740264486
3720,Kin4a,2023-01-22 10:27:00,2023-01-22 10:47:00,2023-01-22 10:37:00,52.95531545341065,2.012617029799868
3721,Kin4a,2023-01-22 11:07:00,2023-01-22 11:27:00,2023-01-22 11:17:00,53.1222922170252,2.020927170730201
3722,Kin4a,2023-01-22 13:32:00,2023-01-22 14:35:00,2023-01-22 14:03:30,54.19126800266432,2.092103309684161
3723,Kin4a,2023-01-22 14:41:00,2023-01-22 15:15:00,2023-01-22 14:58:00,54.307794633103605,2.093944257732479
3729,Kin4a,2023-01-22 16:03:00,2023-01-22 17:33:00,2023-01-22 16:48:00,52.70336666794744,2.0201564697175054
3730,Kin4a,2023-01-22 20:26:00,2023-01-22 20:54:00,2023-01-22 20:40:00,54.05146379441579,2.056408544577498
3731,Kin4a,2023-01-22 20:56:00,2023-01-22 22:03:00,2023-01-22 21:29:30,53.45036632426912,2.0955823841893273
3732,Kin4a,2023-01-22 22:05:00,2023-01-22 23:22:00,2023-01-22 22:43:30,52.212753254489535,2.1541452959322633
3733,Kin4a,2023-01-22 23:27:00,2023-01-23 00:16:00,2023-01-22 23:51:30,52.09990267241584,2.159712435154054
3734,Kin4a,2023-01-23 00:21:00,2023-01-23 01:30:00,2023-01-23 00:55:30,52.209547385271236,2.0959265265192997
3737,Kin4a,2023-01-23 01:59:00,2023-01-23 03:32:00,2023-01-23 02:45:30,52.494415729689706,1.9862944960533153
3738,Kin4a,2023-01-23 03:12:00,2023-01-23 03:52:00,2023-01-23 03:32:00,52.39508497000856,1.967200229942712
3739,Kin4a,2023-01-23 04:21:00,2023-01-23 05:32:00,2023-01-23 04:56:30,52.289598927403446,1.965564145791726
3740,Kin4a,2023-01-23 05:34:00,2023-01-23 06:46:00,2023-01-23 06:10:00,52.305051260199065,1.964141043009508
3741,Kin4a,2023-01-23 06:52:00,2023-01-23 08:28:00,2023-01-23 07:40:00,52.41025194671774,1.974670654716983
3742,Kin4a,2023-01-23 08:30:00,2023-01-23 08:47:00,2023-01-23 08:38:30,52.70660247828967,1.9874963008294644
3747,Kin4a,2023-01-23 09:44:00,2023-01-23 10:09:00,2023-01-23 09:56:30,53.16047848533183,2.0045971623127725
3748,Kin4a,2023-01-23 13:51:00,2023-01-23 15:17:00,2023-01-23 14:34:00,54.17920108156493,2.058259407823454
3749,Kin4a,2023-01-23 15:19:00,2023-01-23 16:20:00,2023-01-23 15:49:30,53.729337664353956,2.0348601690949266
3750,Kin4a,2023-01-23 16:28:00,2023-01-23 17:22:00,2023-01-23 16:55:00,53.709514132456,2.0178694560768418
3752,Kin4a,2023-01-23 17:27:00,2023-01-23 18:18:00,2023-01-23 17:52:30,53.25266820253373,2.005943033957616
3753,Kin4a,2023-01-23 18:21:00,2023-01-23 18:46:00,2023-01-23 18:33:30,52.92691719163262,1.997438976446515
3754,Kin4a,2023-01-23 18:48:00,2023-01-23 19:31:00,2023-01-23 19:09:30,52.809298150654136,1.989971999119695
3755,Kin4a,2023-01-23 19:36:00,2023-01-23 20:42:00,2023-01-23 20:09:00,52.2545012407991,1.9792585981879756
3756,Kin4a,2023-01-23 20:43:00,2023-01-23 21:36:00,2023-01-23 21:09:30,51.91654953731583,1.9694007782943488
3758,Kin4a,2023-01-23 21:41:00,2023-01-23 22:31:00,2023-01-23 22:06:00,51.48967406094146,1.960194715087904
3761,Kin4a,2023-01-23 22:36:00,2023-01-24 00:05:00,2023-01-23 23:20:30,51.42860734873602,1.9517616533292537
3759,Kin4a,2023-01-23 22:37:00,2023-01-23 23:31:00,2023-01-23 23:04:00,51.43575211558945,1.95315784692534
3762,Kin4a,2023-01-24 00:09:00,2023-01-24 01:25:00,2023-01-24 00:47:00,51.4706930631716,1.944442214174012
3763,Kin4a,2023-01-24 01:29:00,2023-01-24 03:02:00,2023-01-24 02:15:30,51.41295765626561,1.9407984264667069
3764,Kin4a,2023-01-24 03:04:00,2023-01-24 04:04:00,2023-01-24 03:34:00,51.47847520819624,1.9405190420772664
3765,Kin4a,2023-01-24 04:07:00,2023-01-24 05:46:00,2023-01-24 04:56:30,51.602871089269755,1.9404382880981697
3766,Kin4a,2023-01-24 05:47:00,2023-01-24 07:04:00,2023-01-24 06:25:30,51.695150668714106,1.941013768843797
3767,Kin4a,2023-01-24 07:05:00,2023-01-24 08:36:00,2023-01-24 07:50:30,48.19262670268845,1.8122864358679405
3782,Kin4a,2023-01-24 23:04:00,2023-01-24 23:20:00,2023-01-24 23:12:00,57.00517426715524,2.0391448734749877
3783,Kin4a,2023-01-24 23:22:00,2023-01-24 23:38:00,2023-01-24 23:30:00,56.99990213027739,2.038665113061338
3784,Kin4a,2023-01-24 23:40:00,2023-01-25 00:40:00,2023-01-25 00:10:00,56.2986542552085,2.037598978808784
3786,Kin4a,2023-01-25 00:53:00,2023-01-25 01:10:00,2023-01-25 01:01:30,56.777876370322204,2.030409041714555
3787,Kin4a,2023-01-25 01:15:00,2023-01-25 01:40:00,2023-01-25 01:27:30,56.36146624258758,2.0175348850265817
3788,Kin4a,2023-01-25 01:41:00,2023-01-25 02:45:00,2023-01-25 02:13:00,55.632748519051965,1.995005110822628
3789,Kin4a,2023-01-25 02:47:00,2023-01-25 03:47:00,2023-01-25 03:17:00,54.60773897385903,1.9633148789753083
3790,Kin4a,2023-01-25 03:49:00,2023-01-25 04:09:00,2023-01-25 03:59:00,53.99284042140997,1.9425181643255047
3791,Kin4a,2023-01-25 04:11:00,2023-01-25 05:12:00,2023-01-25 04:41:30,53.903844103905946,1.9457983786798723
3792,Kin4a,2023-01-25 05:15:00,2023-01-25 06:00:00,2023-01-25 05:37:30,54.05554884980535,1.957343981334854
3794,Kin4a,2023-01-25 06:08:00,2023-01-25 07:00:00,2023-01-25 06:34:00,54.20860810236456,1.968992669727827
3795,Kin4a,2023-01-25 07:08:00,2023-01-25 08:14:00,2023-01-25 07:41:00,54.140849608582776,1.9587186945557795
3796,Kin4a,2023-01-25 09:50:00,2023-01-25 10:15:00,2023-01-25 10:02:30,44.46267243244327,1.637672094251557
3810,Kin4a,2023-01-25 23:52:00,2023-01-26 00:52:00,2023-01-26 00:22:00,56.76421129362488,2.065753496344063
3811,Kin4a,2023-01-26 00:56:00,2023-01-26 02:00:00,2023-01-26 01:28:00,56.39193191159514,2.045002313340692
3812,Kin4a,2023-01-26 02:03:00,2023-01-26 03:16:00,2023-01-26 02:39:30,56.33839569269065,2.02252186508704
3813,Kin4a,2023-01-26 03:24:00,2023-01-26 04:53:00,2023-01-26 04:08:30,56.08751303182733,2.009596428661279
3815,Kin4a,2023-01-27 08:41:00,2023-01-27 09:21:00,2023-01-27 09:01:00,56.57346645308762,1.997639771759636
3822,Kin4a,2023-01-27 11:13:00,2023-01-27 11:46:00,2023-01-27 11:29:30,56.21566865955461,1.9830146557710129
3823,Kin4a,2023-01-27 14:27:00,2023-01-27 15:25:00,2023-01-27 14:56:00,56.49944050756359,1.995095975618992
3824,Kin4a,2023-01-27 15:27:00,2023-01-27 16:34:00,2023-01-27 16:00:30,56.31987449974413,1.9998709244504829
3825,Kin4a,2023-01-27 16:38:00,2023-01-27 17:39:00,2023-01-27 17:08:30,56.332992979839574,1.9935571056961372
3826,Kin4a,2023-01-27 17:40:00,2023-01-27 18:45:00,2023-01-27 18:12:30,55.73058465931826,1.975982784626904
3827,Kin4a,2023-01-27 18:46:00,2023-01-27 19:47:00,2023-01-27 19:16:30,55.12817633879695,1.9584084635576713
3828,Kin4a,2023-01-27 19:49:00,2023-01-27 20:49:00,2023-01-27 20:19:00,54.53563249950039,1.9412460406384988
3829,Kin4a,2023-01-27 20:53:00,2023-01-27 21:56:00,2023-01-27 21:24:30,54.224221945861615,1.9318639495972931
3830,Kin4a,2023-01-27 21:57:00,2023-01-27 23:02:00,2023-01-27 22:29:30,54.20801661341257,1.9310485830073132
3832,Kin4a,2023-01-27 23:10:00,2023-01-28 00:12:00,2023-01-27 23:41:00,54.19019074771862,1.9301516797583351
3833,Kin4a,2023-01-28 00:14:00,2023-01-28 01:18:00,2023-01-28 00:46:00,54.40086607841666,1.9293363131683552
3836,Kin4a,2023-01-28 03:04:00,2023-01-28 04:14:00,2023-01-28 03:39:00,54.3553209541283,1.9904440571278612
3838,Kin4a,2023-01-28 05:35:00,2023-01-28 07:00:00,2023-01-28 06:17:30,54.53518768051596,2.0360562642056044
3839,Kin4a,2023-01-28 07:02:00,2023-01-28 08:08:00,2023-01-28 07:35:00,54.57447425780825,2.027019530326248
3840,Kin4a,2023-01-28 08:11:00,2023-01-28 09:11:00,2023-01-28 08:41:00,54.60793121395394,2.01932373115157
3841,Kin4a,2023-01-28 09:11:00,2023-01-28 10:03:00,2023-01-28 09:37:00,54.63029891004884,2.0127939621548734
3842,Kin4a,2023-01-28 11:00:00,2023-01-28 12:00:00,2023-01-28 11:30:00,54.73286448105708,1.988274660443625
3843,Kin4a,2023-01-28 12:04:00,2023-01-28 13:07:00,2023-01-28 12:35:30,54.79815454371038,1.971367330889465
3844,Kin4a,2023-01-28 13:12:00,2023-01-28 14:08:00,2023-01-28 13:40:00,54.90449093012738,1.954718128504071
3846,Kin4a,2023-01-28 15:03:00,2023-01-28 16:12:00,2023-01-28 15:37:30,55.24097938470835,1.9502893567599167
3847,Kin4a,2023-01-28 16:15:00,2023-01-28 17:50:00,2023-01-28 17:02:30,55.57993686867448,1.9535384730417724
3848,Kin4a,2023-01-28 17:20:00,2023-01-28 18:09:00,2023-01-28 17:44:30,55.68385944169772,1.9551439187339832
3849,Kin4a,2023-01-28 18:25:00,2023-01-28 19:28:00,2023-01-28 18:56:30,55.48597110628167,1.9462782588158287
3850,Kin4a,2023-01-28 19:29:00,2023-01-28 20:32:00,2023-01-28 20:00:30,54.920258854761,1.9313386219600146
3851,Kin4a,2023-01-28 20:35:00,2023-01-28 21:58:00,2023-01-28 21:16:30,54.305684394456996,1.9135978031937357
3852,Kin4a,2023-01-28 22:09:00,2023-01-28 23:06:00,2023-01-28 22:37:30,52.46881025335706,1.8725773262129621
3853,Kin4a,2023-01-28 23:07:00,2023-01-28 23:57:00,2023-01-28 23:32:00,50.4117754651394,1.827107161264352
3854,Kin4a,2023-01-28 23:59:00,2023-01-29 01:00:00,2023-01-29 00:29:30,48.24150940417581,1.779134051456185
3855,Kin4a,2023-01-29 01:02:00,2023-01-29 02:00:00,2023-01-29 01:31:00,45.92026831288431,1.7278236818352766
3856,Kin4a,2023-01-29 03:14:00,2023-01-29 04:19:00,2023-01-29 03:46:30,40.80598916052663,1.6147740056786404
3857,Kin4a,2023-01-29 04:23:00,2023-01-29 04:49:00,2023-01-29 04:36:00,38.93767316021884,1.5734754154959576
3858,Kin4a,2023-01-29 06:11:00,2023-01-29 07:12:00,2023-01-29 06:41:30,34.20083158368091,1.4687688888711763
3859,Kin4a,2023-01-29 07:14:00,2023-01-29 08:21:00,2023-01-29 07:47:30,31.70974358327053,1.4137041019609327
3860,Kin4a,2023-01-29 08:25:00,2023-01-29 09:47:00,2023-01-29 09:06:00,28.74685861308545,1.3482103781358703
3861,Kin4a,2023-01-29 10:09:00,2023-01-29 11:12:00,2023-01-29 10:40:30,27.686497824218762,1.2327435560757478
3864,Kin4a,2023-01-29 20:32:00,2023-01-29 21:27:00,2023-01-29 20:59:30,50.058020878725735,1.7861737879319932
3866,Kin4a,2023-01-29 23:44:00,2023-01-30 00:49:00,2023-01-30 00:16:30,51.956658720858485,1.8581209355075932
3868,Kin4a,2023-01-30 01:53:00,2023-01-30 02:56:00,2023-01-30 02:24:30,53.19029143046758,1.9048683207343788
3869,Kin4a,2023-01-30 02:58:00,2023-01-30 04:14:00,2023-01-30 03:36:00,53.150585044788,1.9309811179509035
3878,Kin4a,2023-01-31 12:00:00,2023-01-31 13:03:00,2023-01-31 12:31:30,59.2525801747709,1.6950114223389172
3880,Kin4a,2023-01-31 13:45:00,2023-01-31 14:45:00,2023-01-31 14:15:00,58.69774050472104,1.7143182168376767
3881,Kin4a,2023-01-31 14:47:00,2023-01-31 15:37:00,2023-01-31 15:12:00,58.39217662846169,1.7249509442427904
3882,Kin4a,2023-01-31 15:58:00,2023-01-31 17:08:00,2023-01-31 16:33:00,57.95795427798789,1.7400606095026885
3883,Kin4a,2023-01-31 17:11:00,2023-01-31 18:33:00,2023-01-31 17:52:00,57.53445346703195,1.7547971966080216
3884,Kin4a,2023-01-31 18:35:00,2023-01-31 19:30:00,2023-01-31 19:02:30,57.156519199026974,1.7679482015564516
3885,Kin4a,2023-01-31 19:35:00,2023-01-31 20:35:00,2023-01-31 20:05:00,56.82147108909348,1.7796068938866203
3867,Kin4a,2023-02-01 02:08:00,2023-02-01 03:10:00,2023-02-01 02:39:00,54.70932780407273,1.8531032903360023
3889,Kin4a,2023-02-01 04:12:00,2023-02-01 05:09:00,2023-02-01 04:40:30,54.05799427836202,1.87576778822585
3890,Kin4a,2023-02-01 05:11:00,2023-02-01 06:31:00,2023-02-01 05:51:00,53.50562886787631,1.88891879317428
3923,Kin4a,2023-02-02 13:46:00,2023-02-02 14:45:00,2023-02-02 14:15:30,57.691036930474574,2.0071861044950996
3924,Kin4a,2023-02-02 14:47:00,2023-02-02 16:27:00,2023-02-02 15:37:00,57.95983096846551,2.0143843358418367
3926,Kin4a,2023-02-02 19:23:00,2023-02-02 21:27:00,2023-02-02 20:25:00,57.55434516494418,2.019538800301349
3927,Kin4a,2023-02-02 21:55:00,2023-02-02 23:31:00,2023-02-02 22:43:00,56.87319245799164,1.9903124527253184
3928,Kin4a,2023-02-02 23:36:00,2023-02-03 00:26:00,2023-02-03 00:01:00,56.382169538049176,1.9775362462498915
3929,Kin4a,2023-02-03 00:32:00,2023-02-03 01:35:00,2023-02-03 01:03:30,56.270894330115524,1.9728014174436952
3930,Kin4a,2023-02-03 01:39:00,2023-02-03 02:46:00,2023-02-03 02:12:30,56.148046500556774,1.9675741664416548
3931,Kin4a,2023-02-03 02:51:00,2023-02-03 03:54:00,2023-02-03 03:22:30,56.204969694539855,1.9622711581787153
3932,Kin4a,2023-02-03 04:00:00,2023-02-03 05:03:00,2023-02-03 04:31:30,55.98965017206301,1.959934058787998
3933,Kin4a,2023-02-03 05:06:00,2023-02-03 06:01:00,2023-02-03 05:33:30,56.03513375012797,1.9602941942162597
3934,Kin4a,2023-02-03 06:04:00,2023-02-03 07:04:00,2023-02-03 06:34:00,56.079516919046185,1.9606456166906123
3935,Kin4a,2023-02-03 07:06:00,2023-02-03 07:48:00,2023-02-03 07:27:00,56.04545390733151,1.960953474395417
3936,Kin4a,2023-02-03 07:53:00,2023-02-03 08:57:00,2023-02-03 08:25:00,56.11659411975592,1.9627994702439635
3937,Kin4a,2023-02-03 08:59:00,2023-02-03 10:01:00,2023-02-03 09:30:00,56.082415289905576,1.9659623937947956
3938,Kin4a,2023-02-03 10:04:00,2023-02-03 10:27:00,2023-02-03 10:15:30,56.058490109010336,1.9681764402803779
3939,Kin4a,2023-02-03 10:47:00,2023-02-03 11:50:00,2023-02-03 11:18:30,56.22062770131856,1.9712420431065687
3940,Kin4a,2023-02-03 11:58:00,2023-02-04 01:09:00,2023-02-03 18:33:30,55.87339079293748,2.130066573091249
3941,Kin4a,2023-02-03 13:16:00,2023-02-03 14:17:00,2023-02-03 13:46:30,55.969023251600916,2.0169684700528228
3942,Kin4a,2023-02-03 14:19:00,2023-02-03 15:18:00,2023-02-03 14:48:30,55.94836397481649,2.041400812869486
3944,Kin4a,2023-02-03 15:40:00,2023-02-03 16:15:00,2023-02-03 15:57:30,55.925372199040254,2.06859164600416
3945,Kin4a,2023-02-03 16:54:00,2023-02-03 17:18:00,2023-02-03 17:06:00,55.90254703033487,2.095585444116119
3946,Kin4a,2023-02-03 17:20:00,2023-02-03 18:27:00,2023-02-03 17:53:30,55.88671935860485,2.1143037712740465
3947,Kin4a,2023-02-03 18:28:00,2023-02-03 19:32:00,2023-02-03 19:00:00,55.86456061818284,2.140509429295145
3948,Kin4a,2023-02-03 19:37:00,2023-02-03 20:43:00,2023-02-03 20:10:00,55.841235628264926,2.168094332475249
3951,Kin4a,2023-02-03 21:32:00,2023-02-03 21:37:00,2023-02-03 21:34:30,55.813079033292595,2.2013932513140895
3952,Kin4a,2023-02-03 21:38:00,2023-02-03 22:34:00,2023-02-03 22:06:00,55.80258278782953,2.2138064577451364
3954,Kin4a,2023-02-03 22:39:00,2023-02-03 23:30:00,2023-02-03 23:04:30,55.57273324515999,2.236859555402795
3955,Kin4a,2023-02-03 23:33:00,2023-02-04 00:34:00,2023-02-04 00:03:30,55.85724079537407,2.2314207327142612
3956,Kin4a,2023-02-04 00:36:00,2023-02-04 01:36:00,2023-02-04 01:06:00,56.021567548082864,2.1994271723255334
3957,Kin4a,2023-02-04 01:38:00,2023-02-04 02:38:00,2023-02-04 02:08:00,56.18457968676999,2.167689560419916
3958,Kin4a,2023-02-04 02:40:00,2023-02-04 03:40:00,2023-02-04 03:10:00,56.34759182545712,2.1359519485142977
3959,Kin4a,2023-02-04 03:47:00,2023-02-04 04:47:00,2023-02-04 04:17:00,56.52375010436095,2.1016548517775813
3960,Kin4a,2023-02-04 04:51:00,2023-02-04 05:51:00,2023-02-04 05:21:00,56.69202069913476,2.068893445939524
3961,Kin4a,2023-02-04 05:54:00,2023-02-04 06:54:00,2023-02-04 06:24:00,56.85766206586523,2.0366439370676868
3962,Kin4a,2023-02-04 06:56:00,2023-02-04 07:33:00,2023-02-04 07:14:30,56.905766251223625,2.010793140273595
3963,Kin4a,2023-02-04 07:44:00,2023-02-04 09:04:00,2023-02-04 08:24:00,57.01470795651874,1.9995248363890024
3964,Kin4a,2023-02-04 09:08:00,2023-02-04 10:07:00,2023-02-04 09:37:30,56.9670685573272,1.9988534050734923
3965,Kin4a,2023-02-04 10:12:00,2023-02-04 10:40:00,2023-02-04 10:26:00,56.93563303541168,1.998410351756455
3966,Kin4a,2023-02-04 10:43:00,2023-02-04 11:43:00,2023-02-04 11:13:00,57.05402385680287,1.997981001119326
3967,Kin4a,2023-02-04 12:03:00,2023-02-04 13:23:00,2023-02-04 12:43:00,57.4166954812809,2.008496669884254
3968,Kin4a,2023-02-04 13:27:00,2023-02-04 14:52:00,2023-02-04 14:09:30,58.514412541365466,2.027120317513809
3970,Kin4a,2023-02-04 16:41:00,2023-02-04 17:45:00,2023-02-04 17:13:00,59.18811520946876,2.041658619547544
3972,Kin4a,2023-02-04 18:25:00,2023-02-04 19:34:00,2023-02-04 18:59:30,58.756384095282726,2.0325038219197684
3973,Kin4a,2023-02-04 19:41:00,2023-02-04 20:43:00,2023-02-04 20:12:00,58.76272584057794,2.026791330016706
3974,Kin4a,2023-02-04 20:44:00,2023-02-04 21:50:00,2023-02-04 21:17:00,58.67490292374693,2.0221518015687456
3975,Kin4a,2023-02-04 21:54:00,2023-02-04 23:01:00,2023-02-04 22:27:30,58.579648837030206,2.017119697636727
3976,Kin4a,2023-02-04 23:02:00,2023-02-04 23:30:00,2023-02-04 23:16:00,58.28843295579022,2.0136578956409408
3977,Kin4a,2023-02-04 23:52:00,2023-02-05 01:21:00,2023-02-05 00:36:30,58.7124581363988,2.0218163427188376
3978,Kin4a,2023-02-05 01:23:00,2023-02-05 02:10:00,2023-02-05 01:46:30,59.13882214460329,2.031871000506527
3980,Kin4a,2023-02-05 04:20:00,2023-02-05 05:10:00,2023-02-05 04:45:00,59.5962316257156,2.058213380483927
3981,Kin4a,2023-02-05 05:10:00,2023-02-05 05:35:00,2023-02-05 05:22:30,59.743376035320395,2.0639517749022946
3983,Kin4a,2023-02-05 05:59:00,2023-02-05 07:00:00,2023-02-05 06:29:30,59.671467344494744,2.0742043729297794
3985,Kin4a,2023-02-05 08:57:00,2023-02-05 09:57:00,2023-02-05 09:27:00,59.83657620407659,2.080018341616928
3986,Kin4a,2023-02-05 10:01:00,2023-02-05 12:11:00,2023-02-05 11:06:00,58.72660058352525,2.0767633888806687
3996,Kin4a,2023-02-06 01:24:00,2023-02-06 02:47:00,2023-02-06 02:05:30,58.120195470301525,2.0275297554671496
3998,Kin4a,2023-02-06 08:11:00,2023-02-06 08:27:00,2023-02-06 08:19:00,57.18985107216829,1.995861309008793
4023,Kin4a,2023-02-09 13:29:00,2023-02-09 13:44:00,2023-02-09 13:36:30,56.090184193618086,2.0390851408363684
4024,Kin4a,2023-02-09 13:48:00,2023-02-09 14:06:00,2023-02-09 13:57:00,56.05744504946708,2.03552817978849
4025,Kin4a,2023-02-09 14:29:00,2023-02-09 15:16:00,2023-02-09 14:52:30,55.968809805546044,2.025898358414965
4027,Kin4a,2023-02-09 15:30:00,2023-02-09 16:12:00,2023-02-09 15:51:00,55.87538346735901,2.015748006156385
4028,Kin4a,2023-02-09 16:14:00,2023-02-09 17:17:00,2023-02-09 16:45:30,55.038828123241174,2.006291695077879
4029,Kin4a,2023-02-09 17:21:00,2023-02-09 18:22:00,2023-02-09 17:51:30,55.81864512467826,2.003640619304708
4030,Kin4a,2023-02-09 18:24:00,2023-02-09 19:00:00,2023-02-09 18:42:00,55.946294404291294,2.0083868748394496
4031,Kin4a,2023-02-09 19:07:00,2023-02-09 20:09:00,2023-02-09 19:38:00,56.08784608069386,2.0136500492938167
4032,Kin4a,2023-02-09 20:10:00,2023-02-09 21:22:00,2023-02-09 20:46:00,56.59048593675953,2.020041046845548
4034,Kin4a,2023-02-09 22:10:00,2023-02-09 22:47:00,2023-02-09 22:28:30,56.415495647095824,2.024354492334579
4035,Kin4a,2023-02-09 23:24:00,2023-02-10 00:46:00,2023-02-10 00:05:00,56.50471297283995,2.0254584499655826
4036,Kin4a,2023-02-10 00:47:00,2023-02-10 01:31:00,2023-02-10 01:09:00,56.56388301271169,2.0261906083944345
4037,Kin4a,2023-02-10 01:37:00,2023-02-10 03:00:00,2023-02-10 02:18:30,56.628137977884926,2.026985686688266
4038,Kin4a,2023-02-10 03:02:00,2023-02-10 03:35:00,2023-02-10 03:18:30,56.68360989026469,2.0276720852153147
4043,Kin4a,2023-02-10 04:34:00,2023-02-10 05:45:00,2023-02-10 05:09:30,56.78623292816726,2.0289419224903544
4044,Kin4a,2023-02-10 05:46:00,2023-02-10 06:46:00,2023-02-10 06:16:00,56.8477142977215,2.029702680857833
4053,Kin4a,2023-02-10 16:02:00,2023-02-10 17:05:00,2023-02-10 16:33:30,58.24179667811059,2.024796829662435
4054,Kin4a,2023-02-10 17:13:00,2023-02-10 18:14:00,2023-02-10 17:43:30,58.20181027812132,2.024694865878101
4055,Kin4a,2023-02-10 18:39:00,2023-02-10 18:59:00,2023-02-10 18:49:00,58.16439443241708,2.024599456908474
4056,Kin4a,2023-02-10 19:17:00,2023-02-10 19:50:00,2023-02-10 19:33:30,58.13897450670963,2.0245346370741473
4057,Kin4a,2023-02-10 19:58:00,2023-02-10 19:59:00,2023-02-10 19:58:30,58.1246936495706,2.0244982214368847
4058,Kin4a,2023-02-10 21:02:00,2023-02-10 22:00:00,2023-02-10 21:31:00,58.071854478156226,2.0243634835790147
4059,Kin4a,2023-02-10 22:07:00,2023-02-10 23:08:00,2023-02-10 22:37:30,58.07881581324175,2.0255033849389337
4060,Kin4a,2023-02-10 23:10:00,2023-02-11 00:08:00,2023-02-10 23:39:00,58.121480238463946,2.027554360662678
4061,Kin4a,2023-02-11 00:10:00,2023-02-11 00:40:00,2023-02-11 00:25:00,58.15339184106917,2.029088423805641
4062,Kin4a,2023-02-11 01:04:00,2023-02-11 02:04:00,2023-02-11 01:34:00,58.25943322640036,2.0313895185200863
4063,Kin4a,2023-02-11 02:07:00,2023-02-11 03:08:00,2023-02-11 02:37:30,58.54242978314049,2.040042623168064
4064,Kin4a,2023-02-11 03:10:00,2023-02-11 04:19:00,2023-02-11 03:44:30,59.18671602279871,2.0554263842084044
4065,Kin4a,2023-02-11 04:31:00,2023-02-11 05:19:00,2023-02-11 04:55:00,59.86465900631968,2.0716137745568224
4066,Kin4a,2023-02-11 05:22:00,2023-02-11 06:03:00,2023-02-11 05:42:30,60.09388256937391,2.082520172309303
4067,Kin4a,2023-02-11 06:07:00,2023-02-11 06:29:00,2023-02-11 06:18:00,60.50348854895818,2.0858707049339387
4068,Kin4a,2023-02-11 06:31:00,2023-02-11 07:42:00,2023-02-11 07:06:30,60.373975314576185,2.079050871585666
4069,Kin4a,2023-02-11 07:45:00,2023-02-11 08:17:00,2023-02-11 08:01:00,60.22843982439434,2.0713873475138955
4070,Kin4a,2023-02-11 08:20:00,2023-02-11 08:28:00,2023-02-11 08:24:00,60.16702117716165,2.068153199740488
4071,Kin4a,2023-02-11 08:39:00,2023-02-11 09:34:00,2023-02-11 09:06:30,60.02116343614152,2.0621770571157123
4072,Kin4a,2023-02-11 10:01:00,2023-02-11 11:54:00,2023-02-11 10:57:30,60.11622178632328,2.0628794339664065
4073,Kin4a,2023-02-11 11:56:00,2023-02-11 12:26:00,2023-02-11 12:11:00,60.350170734242205,2.072085105403918
4074,Kin4a,2023-02-11 12:30:00,2023-02-11 14:22:00,2023-02-11 13:26:00,60.32270784790715,2.081478647687092
4075,Kin4a,2023-02-11 14:29:00,2023-02-11 15:15:00,2023-02-11 14:52:00,60.68427399111382,2.0855654227425484
4076,Kin4a,2023-02-11 16:11:00,2023-02-11 17:12:00,2023-02-11 16:41:30,60.283097334498635,2.0711820558770215
4077,Kin4a,2023-02-11 17:15:00,2023-02-11 18:32:00,2023-02-11 17:53:30,59.79514158475915,2.0617244995818806
4078,Kin4a,2023-02-11 18:36:00,2023-02-11 19:38:00,2023-02-11 19:07:00,59.57153286688627,2.050449933740016
4079,Kin4a,2023-02-11 19:42:00,2023-02-11 20:34:00,2023-02-11 20:08:00,59.01810265922196,2.039442778710417
4080,Kin4a,2023-02-11 20:36:00,2023-02-11 21:28:00,2023-02-11 21:02:00,58.52818083604371,2.0296987398317565
4082,Kin4a,2023-02-11 22:11:00,2023-02-11 23:26:00,2023-02-11 22:48:30,58.09700843498131,2.0216956605822163
4083,Kin4a,2023-02-11 23:28:00,2023-02-12 00:17:00,2023-02-11 23:52:30,58.803879780478894,2.0374195133923685
4084,Kin4a,2023-02-12 00:19:00,2023-02-12 02:24:00,2023-02-12 01:21:30,59.97724445882254,2.0592854962064875
4085,Kin4a,2023-02-12 02:29:00,2023-02-12 03:51:00,2023-02-12 03:10:00,60.339510355038776,2.0749497742531933
4086,Kin4a,2023-02-12 03:53:00,2023-02-12 05:30:00,2023-02-12 04:41:30,59.99253104686694,2.074656691472962
4087,Kin4a,2023-02-12 05:32:00,2023-02-12 06:25:00,2023-02-12 05:58:30,59.817079347941615,2.0744100535048986
4088,Kin4a,2023-02-12 06:30:00,2023-02-12 07:53:00,2023-02-12 07:11:30,59.82160127224047,2.08441521424119
4089,Kin4a,2023-02-12 07:55:00,2023-02-12 09:02:00,2023-02-12 08:28:30,60.44758786372641,2.1022858175223735
4091,Kin4a,2023-02-12 11:18:00,2023-02-12 12:30:00,2023-02-12 11:54:00,61.27138543832235,2.131228928861344
4092,Kin4a,2023-02-12 12:32:00,2023-02-12 13:40:00,2023-02-12 13:06:00,61.60000659655783,2.1307848868057584
4093,Kin4a,2023-02-12 13:42:00,2023-02-12 14:40:00,2023-02-12 14:11:00,61.91489391072077,2.130384015505577
4094,Kin4a,2023-02-12 14:46:00,2023-02-12 16:00:00,2023-02-12 15:23:00,61.73892888944504,2.123483053686964
4095,Kin4a,2023-02-12 16:02:00,2023-02-12 16:58:00,2023-02-12 16:30:00,61.24668407590202,2.1124752285189654
4096,Kin4a,2023-02-12 17:02:00,2023-02-12 17:57:00,2023-02-12 17:29:30,60.809541293725765,2.1026996225861905
4097,Kin4a,2023-02-12 17:59:00,2023-02-12 18:58:00,2023-02-12 18:28:30,60.3041023791633,2.0930061646024303
4098,Kin4a,2023-02-12 19:03:00,2023-02-12 19:46:00,2023-02-12 19:24:30,60.08757092650974,2.086385471759195
4099,Kin4a,2023-02-12 19:48:00,2023-02-12 20:52:00,2023-02-12 20:20:00,59.963888343221,2.083228875856173
4100,Kin4a,2023-02-12 20:53:00,2023-02-12 22:33:00,2023-02-12 21:43:00,59.87340165725588,2.0785082009021054
4101,Kin4a,2023-02-12 22:37:00,2023-02-12 23:37:00,2023-02-12 23:07:00,59.70978689991498,2.0767368806198383
4102,Kin4a,2023-02-12 23:40:00,2023-02-13 01:31:00,2023-02-13 00:35:30,59.835541989471224,2.0799275437726763
4103,Kin4a,2023-02-13 01:33:00,2023-02-13 02:27:00,2023-02-13 02:00:00,60.02210895839876,2.082973996161543
4104,Kin4a,2023-02-13 02:32:00,2023-02-13 04:05:00,2023-02-13 03:18:30,59.994633724926125,2.0817874361743565
4105,Kin4a,2023-02-13 04:09:00,2023-02-13 05:35:00,2023-02-13 04:52:00,59.99227755149839,2.0776696070989216
4106,Kin4a,2023-02-13 05:37:00,2023-02-13 06:09:00,2023-02-13 05:53:00,59.90356563099039,2.074983108985536
4107,Kin4a,2023-02-13 06:12:00,2023-02-13 07:05:00,2023-02-13 06:38:30,59.70666789334977,2.0689267353181977
4114,Kin4a,2023-02-13 23:42:00,2023-02-14 00:43:00,2023-02-14 00:12:30,56.322934807216384,2.023924095608585
4115,Kin4a,2023-02-14 00:46:00,2023-02-14 01:47:00,2023-02-14 01:16:30,56.427454399327175,2.0250714398352057
4116,Kin4a,2023-02-14 01:48:00,2023-02-14 02:08:00,2023-02-14 01:58:00,56.495228822336514,2.025815420857155
4117,Kin4a,2023-02-14 02:10:00,2023-02-14 03:27:00,2023-02-14 02:48:30,56.577701312986434,2.026720747160973
4118,Kin4a,2023-02-14 03:31:00,2023-02-14 04:32:00,2023-02-14 04:01:30,56.6969189727378,2.0280294366694624
4119,Kin4a,2023-02-14 04:34:00,2023-02-14 05:33:00,2023-02-14 05:03:30,56.798172327595125,2.029140926389002
4120,Kin4a,2023-02-14 05:53:00,2023-02-14 07:30:00,2023-02-14 06:41:30,56.958217953014774,2.0308977972360145
4121,Kin4a,2023-02-14 07:36:00,2023-02-14 08:43:00,2023-02-14 08:09:30,57.10193239216711,2.0324753955476185
4122,Kin4a,2023-02-14 09:02:00,2023-02-14 09:28:00,2023-02-14 09:15:00,57.208901662218,2.033649630654551
4155,Kin4a,2023-02-15 01:37:00,2023-02-15 02:22:00,2023-02-15 01:59:30,57.11369195018875,2.051657556836438
4156,Kin4a,2023-02-15 02:40:00,2023-02-15 03:41:00,2023-02-15 03:10:30,59.150551418658615,2.0596661517629777
4159,Kin4a,2023-02-15 04:05:00,2023-02-15 05:07:00,2023-02-15 04:36:00,59.64527773781272,2.0741116555640207
4160,Kin4a,2023-02-15 05:25:00,2023-02-15 06:25:00,2023-02-15 05:55:00,60.35322211734478,2.087458963169663
4164,Kin4a,2023-02-15 07:00:00,2023-02-15 07:51:00,2023-02-15 07:25:30,59.79293175418796,2.0799464261464093
4165,Kin4a,2023-02-15 07:54:00,2023-02-15 08:57:00,2023-02-15 08:25:30,59.293107506767015,2.0669008752098685
4167,Kin4a,2023-02-15 09:11:00,2023-02-15 10:05:00,2023-02-15 09:38:00,58.68915320780004,2.0511375011615485
4168,Kin4a,2023-02-15 10:14:00,2023-02-15 11:01:00,2023-02-15 10:37:30,57.692076873282346,2.038200663149479
4169,Kin4a,2023-02-15 11:07:00,2023-02-15 11:58:00,2023-02-15 11:32:30,57.97193616485644,2.0312058810535203
4170,Kin4a,2023-02-15 12:02:00,2023-02-15 13:02:00,2023-02-15 12:32:00,57.94765702926763,2.028157543798847
4171,Kin4a,2023-02-15 13:06:00,2023-02-15 14:00:00,2023-02-15 13:33:00,57.92276581463037,2.025032357705821
4172,Kin4a,2023-02-15 14:04:00,2023-02-15 14:40:00,2023-02-15 14:22:00,57.90277123238077,2.02252196231962
4173,Kin4a,2023-02-15 14:52:00,2023-02-15 15:51:00,2023-02-15 15:21:30,57.786766546707376,2.019473625064946
4174,Kin4a,2023-02-15 15:55:00,2023-02-15 16:58:00,2023-02-15 16:26:30,57.86282965407347,2.0170403485078525
4175,Kin4a,2023-02-15 17:04:00,2023-02-15 18:04:00,2023-02-15 17:34:00,57.85912727846164,2.0155508234511985
4176,Kin4a,2023-02-15 18:06:00,2023-02-15 19:08:00,2023-02-15 18:37:00,57.85567172789061,2.0141606000649883
4178,Kin4a,2023-02-15 19:22:00,2023-02-15 20:02:00,2023-02-15 19:42:00,57.85210647730144,2.012726242603025
4179,Kin4a,2023-02-15 20:31:00,2023-02-15 21:39:00,2023-02-15 21:05:00,57.847553926549125,2.0108946784592883
4180,Kin4a,2023-02-15 21:40:00,2023-02-15 22:46:00,2023-02-15 22:13:00,57.84382412593277,2.009394119883696
4181,Kin4a,2023-02-15 22:48:00,2023-02-15 23:46:00,2023-02-15 23:17:00,57.840313725352665,2.007981829459609
4182,Kin4a,2023-02-15 23:50:00,2023-02-16 00:51:00,2023-02-16 00:20:30,57.8368307497771,2.006580572554461
4183,Kin4a,2023-02-16 00:55:00,2023-02-16 01:06:00,2023-02-16 01:00:30,57.834636749414535,2.005697891039407
4186,Kin4a,2023-02-16 01:50:00,2023-02-16 02:50:00,2023-02-16 02:20:00,57.83027617369394,2.003943561528237
4187,Kin4a,2023-02-16 02:52:00,2023-02-16 03:50:00,2023-02-16 03:21:00,57.82693032314103,2.0025974722177797
4188,Kin4a,2023-02-16 03:52:00,2023-02-16 04:47:00,2023-02-16 04:19:30,57.245439490153714,2.0013065505020124
4189,Kin4a,2023-02-16 04:51:00,2023-02-16 05:25:00,2023-02-16 05:08:00,56.82651466496272,1.9940439351325814
4190,Kin4a,2023-02-16 05:32:00,2023-02-16 06:31:00,2023-02-16 06:01:30,56.64171296306808,1.9755635326409267
4192,Kin4a,2023-02-16 18:08:00,2023-02-16 18:19:00,2023-02-16 18:13:30,55.53157524847847,1.968049944624246
4194,Kin4a,2023-02-16 20:05:00,2023-02-16 21:06:00,2023-02-16 20:35:30,57.59354845044573,2.0120531237965897
4195,Kin4a,2023-02-16 21:09:00,2023-02-16 21:47:00,2023-02-16 21:28:00,58.32586599941097,2.0277517475491
4197,Kin4a,2023-02-16 22:58:00,2023-02-17 00:05:00,2023-02-16 23:31:30,59.2455883196796,2.0472544094244034
4199,Kin4a,2023-02-17 01:57:00,2023-02-17 03:09:00,2023-02-17 02:33:00,57.95505316529634,2.016234936047883
4200,Kin4a,2023-02-17 03:17:00,2023-02-17 04:33:00,2023-02-17 03:55:00,57.83412178360677,2.019160692460203
4201,Kin4a,2023-02-17 04:37:00,2023-02-17 06:22:00,2023-02-17 05:29:30,58.4422065575356,2.039600595679233
4202,Kin4a,2023-02-17 06:24:00,2023-02-17 07:10:00,2023-02-17 06:47:00,58.95767735781222,2.0563634792715595
4203,Kin4a,2023-02-17 07:21:00,2023-02-17 09:15:00,2023-02-17 08:18:00,59.064209802341374,2.0600754671100683
4204,Kin4a,2023-02-17 09:18:00,2023-02-17 10:06:00,2023-02-17 09:42:00,58.999911632917616,2.057347788944184
4214,Kin4a,2023-02-17 11:10:00,2023-02-17 12:09:00,2023-02-17 11:39:30,58.96788105801818,2.053532286747859
4215,Kin4a,2023-02-17 12:22:00,2023-02-17 12:54:00,2023-02-17 12:38:00,58.8768627466836,2.060835559435596
4216,Kin4a,2023-02-17 13:01:00,2023-02-17 13:55:00,2023-02-17 13:28:00,58.86347507539557,2.078834341684659
4217,Kin4a,2023-02-17 13:59:00,2023-02-17 14:47:00,2023-02-17 14:23:00,58.84874863697875,2.098633002158629
4218,Kin4a,2023-02-17 15:41:00,2023-02-17 15:58:00,2023-02-17 15:49:30,58.82558796565046,2.1297708954495085
4219,Kin4a,2023-02-17 16:11:00,2023-02-17 17:09:00,2023-02-17 16:40:00,58.7970905862646,2.147949665521063
4220,Kin4a,2023-02-17 17:28:00,2023-02-17 18:28:00,2023-02-17 17:58:00,56.964195855196,2.08887604204566
4223,Kin4a,2023-02-17 21:04:00,2023-02-17 22:03:00,2023-02-17 21:33:30,47.74263883384283,1.7520073258942679
4224,Kin4a,2023-02-17 22:21:00,2023-02-17 23:06:00,2023-02-17 22:43:30,47.17301934341593,1.7118412910375604
4230,Kin4a,2023-02-18 00:31:00,2023-02-18 00:51:00,2023-02-18 00:41:00,50.4566751677749,1.8387679550282352
4231,Kin4a,2023-02-18 00:54:00,2023-02-18 02:30:00,2023-02-18 01:42:00,52.37433060802838,1.904661797610628
4233,Kin4a,2023-02-18 03:10:00,2023-02-18 04:33:00,2023-02-18 03:51:30,55.17587134081474,1.9844718599610678
4234,Kin4a,2023-02-18 04:34:00,2023-02-18 05:37:00,2023-02-18 05:05:30,56.64515610851886,2.004905596170124
4236,Kin4a,2023-02-18 05:49:00,2023-02-18 06:45:00,2023-02-18 06:17:00,58.22740453882945,2.0246490034531983
4251,Kin4a,2023-02-18 23:52:00,2023-02-19 01:41:00,2023-02-19 00:46:30,58.00426468106951,2.0328258027778903
4252,Kin4a,2023-02-19 01:45:00,2023-02-19 02:57:00,2023-02-19 02:21:00,57.51938419048081,2.005770853827209
4253,Kin4a,2023-02-19 03:00:00,2023-02-19 03:47:00,2023-02-19 03:23:30,57.1423481898851,1.9878773690714684
4254,Kin4a,2023-02-19 03:53:00,2023-02-19 05:37:00,2023-02-19 04:45:00,57.16335507314456,1.984530061192778
4256,Kin4a,2023-02-19 06:22:00,2023-02-19 07:47:00,2023-02-19 07:04:30,57.329185874347075,1.9945712219667544
4257,Kin4a,2023-02-19 07:51:00,2023-02-19 08:53:00,2023-02-19 08:22:00,57.37042971605472,2.0029627614828307
4258,Kin4a,2023-02-19 08:57:00,2023-02-19 09:45:00,2023-02-19 09:21:00,57.174819689806434,2.012173884540635
4260,Kin4a,2023-02-19 10:51:00,2023-02-19 11:46:00,2023-02-19 11:18:30,57.90617314540438,2.0305180702913472
4261,Kin4a,2023-02-19 12:15:00,2023-02-19 12:59:00,2023-02-19 12:37:00,56.74319250046334,2.0380177243183004
4262,Kin4a,2023-02-19 13:01:00,2023-02-19 13:30:00,2023-02-19 13:15:30,56.81351907099418,2.0397133874448765
4263,Kin4a,2023-02-19 13:43:00,2023-02-19 14:51:00,2023-02-19 14:17:00,56.92585891742656,2.0424220441275893
4264,Kin4a,2023-02-19 14:52:00,2023-02-19 15:17:00,2023-02-19 15:04:30,57.01262546548409,2.0445140960370014
4265,Kin4a,2023-02-19 15:28:00,2023-02-19 17:54:00,2023-02-19 16:41:00,57.188898557853605,2.0487642646529647
4266,Kin4a,2023-02-19 17:58:00,2023-02-19 18:53:00,2023-02-19 18:25:30,57.42887063533449,2.0533667788536714
4273,Kin4a,2023-02-20 06:33:00,2023-02-20 06:59:00,2023-02-20 06:46:00,59.18877155068713,2.2051598794230998
4274,Kin4a,2023-02-20 07:55:00,2023-02-20 09:03:00,2023-02-20 08:29:00,58.87047085465008,2.138648112015776
4275,Kin4a,2023-02-20 09:11:00,2023-02-20 10:47:00,2023-02-20 09:59:00,57.868383821740345,2.0805310336986977
4284,Kin4a,2023-02-21 03:03:00,2023-02-21 03:35:00,2023-02-21 03:19:00,57.70428087650004,2.019817837061064
4285,Kin4a,2023-02-21 03:57:00,2023-02-21 04:57:00,2023-02-21 04:27:00,57.71472891102883,2.0173149950977662
4286,Kin4a,2023-02-21 04:58:00,2023-02-21 05:57:00,2023-02-21 05:27:30,57.80774140378378,2.0150882018804204
4287,Kin4a,2023-02-21 06:01:00,2023-02-21 06:44:00,2023-02-21 06:22:30,57.970121215004056,2.0150733711154807
4288,Kin4a,2023-02-21 06:46:00,2023-02-21 07:16:00,2023-02-21 07:01:00,58.17569473799436,2.022464682725762
4289,Kin4a,2023-02-21 07:32:00,2023-02-21 08:30:00,2023-02-21 08:01:00,58.739828913158135,2.0339836099106154
4290,Kin4a,2023-02-21 08:34:00,2023-02-21 09:31:00,2023-02-21 09:02:30,59.395759201973426,2.0457905102750904
4292,Kin4a,2023-02-21 10:16:00,2023-02-21 11:06:00,2023-02-21 10:41:00,59.93671534120541,2.0591853033194703
4293,Kin4a,2023-02-21 13:37:00,2023-02-21 14:11:00,2023-02-21 13:54:00,60.05768751538776,2.067272382229504
4294,Kin4a,2023-02-21 15:54:00,2023-02-21 16:27:00,2023-02-21 16:10:30,60.202892310636784,2.0717397251570486
4297,Kin4a,2023-02-22 02:15:00,2023-02-22 03:15:00,2023-02-22 02:45:00,58.6985798674008,2.031216585613559
4298,Kin4a,2023-02-22 03:17:00,2023-02-22 04:01:00,2023-02-22 03:39:00,58.27071909848679,2.020484578689886
4299,Kin4a,2023-02-22 04:13:00,2023-02-22 05:20:00,2023-02-22 04:46:30,56.15266703702345,1.945901178731329
4300,Kin4a,2023-02-22 05:22:00,2023-02-22 06:08:00,2023-02-22 05:45:00,53.16393090479237,1.853224987585187
4302,Kin4a,2023-02-22 14:03:00,2023-02-22 17:30:00,2023-02-22 15:46:30,52.70491940392179,1.83790333460901
4303,Kin4a,2023-02-22 18:36:00,2023-02-22 19:46:00,2023-02-22 19:11:00,54.02155795963721,1.8782287018111052
4304,Kin4a,2023-02-22 19:48:00,2023-02-22 20:59:00,2023-02-22 20:23:30,54.48833690970747,1.8925249811370315
4305,Kin4a,2023-02-22 21:01:00,2023-02-22 22:01:00,2023-02-22 21:31:00,55.0621651892164,1.9058353101646184
4307,Kin4a,2023-02-22 22:47:00,2023-02-22 23:47:00,2023-02-22 23:17:00,55.4605706446168,1.919964386945954
4308,Kin4a,2023-02-22 23:49:00,2023-02-23 01:03:00,2023-02-23 00:26:00,55.63917935449023,1.921146704913308
4309,Kin4a,2023-02-23 01:17:00,2023-02-23 01:25:00,2023-02-23 01:21:00,55.781548615983546,1.9220891322785896
4310,Kin4a,2023-02-23 01:27:00,2023-02-23 02:25:00,2023-02-23 01:56:00,55.87214723693384,1.9226888587837687
4311,Kin4a,2023-02-23 02:39:00,2023-02-23 03:18:00,2023-02-23 02:58:30,56.03393048863077,1.9237597989715896
4315,Kin4a,2023-02-23 05:13:00,2023-02-23 06:17:00,2023-02-23 05:45:00,56.46492107115144,1.9266127836319435
4316,Kin4a,2023-02-23 06:18:00,2023-02-23 06:38:00,2023-02-23 06:28:00,56.48657410038928,1.927349590481164
4320,Kin4a,2023-02-23 18:16:00,2023-02-23 19:17:00,2023-02-23 18:46:30,54.05813749767518,1.9114751485194685
4321,Kin4a,2023-02-23 19:18:00,2023-02-23 20:00:00,2023-02-23 19:39:00,53.86448977086556,1.910252370076725
4322,Kin4a,2023-02-23 20:02:00,2023-02-23 21:02:00,2023-02-23 20:32:00,53.66899777999108,1.909017946125004
4323,Kin4a,2023-02-23 21:05:00,2023-02-23 22:00:00,2023-02-23 21:32:30,53.32031008070636,1.9076088395386046
4324,Kin4a,2023-02-23 22:07:00,2023-02-23 22:46:00,2023-02-23 22:26:30,53.415054149122625,1.9088995525173575
4325,Kin4a,2023-02-23 22:52:00,2023-02-23 23:20:00,2023-02-23 23:06:00,53.567854693204666,1.9124969651149235
4328,Kin4a,2023-02-23 23:47:00,2023-02-24 00:54:00,2023-02-24 00:20:30,53.856048124448016,1.9192819584951426
4329,Kin4a,2023-02-24 01:08:00,2023-02-24 02:17:00,2023-02-24 01:42:30,54.17325431722593,1.9267500049002162
4330,Kin4a,2023-02-24 02:19:00,2023-02-24 03:24:00,2023-02-24 02:51:30,54.44017172334394,1.9330340927288758
4331,Kin4a,2023-02-24 03:27:00,2023-02-24 04:23:00,2023-02-24 03:55:00,55.03696227273255,1.9388172750059756
4332,Kin4a,2023-02-24 04:29:00,2023-02-24 05:28:00,2023-02-24 04:58:30,54.86162878047678,1.944188521836582
4333,Kin4a,2023-02-24 05:29:00,2023-02-24 06:40:00,2023-02-24 06:04:30,54.980190443397504,1.949392630607568
4334,Kin4a,2023-02-24 06:43:00,2023-02-24 07:48:00,2023-02-24 07:15:30,55.107734050478896,1.9549909900430227
4335,Kin4a,2023-02-24 07:49:00,2023-02-24 08:36:00,2023-02-24 08:12:30,55.16854919167749,1.9594854476179657
4339,Kin4a,2023-02-25 09:33:00,2023-02-25 09:58:00,2023-02-25 09:45:30,53.30658448643934,1.8868172199700692
4341,Kin4a,2023-02-25 10:05:00,2023-02-25 10:57:00,2023-02-25 10:31:00,53.26847260983295,1.89908048948544
4343,Kin4a,2023-02-25 11:28:00,2023-02-25 12:30:00,2023-02-25 11:59:00,53.63647019810975,1.9036409230998403
4344,Kin4a,2023-02-25 12:34:00,2023-02-25 13:38:00,2023-02-25 13:06:00,53.2345482202512,1.899820144947726
4345,Kin4a,2023-02-25 13:40:00,2023-02-25 14:42:00,2023-02-25 14:11:00,52.81595368076613,1.8961134198747795
4346,Kin4a,2023-02-25 14:45:00,2023-02-25 15:15:00,2023-02-25 15:00:00,52.50039779715431,1.8933191194351733
4347,Kin4a,2023-02-25 15:25:00,2023-02-25 16:21:00,2023-02-25 15:53:00,52.555505380104464,1.8938453386634788
4354,Kin4a,2023-02-25 17:31:00,2023-02-25 18:34:00,2023-02-25 18:02:30,53.15328720382339,1.899571587079786
4355,Kin4a,2023-02-25 18:39:00,2023-02-25 19:51:00,2023-02-25 19:15:00,53.43155058492519,1.9027774018302288
4356,Kin4a,2023-02-25 19:55:00,2023-02-25 21:23:00,2023-02-25 20:39:00,53.19349424049246,1.8931801560470731
4357,Kin4a,2023-02-25 21:25:00,2023-02-25 22:51:00,2023-02-25 22:08:00,52.43946199008551,1.8711915076940535
4359,Kin4a,2023-02-25 23:02:00,2023-02-25 23:59:00,2023-02-25 23:30:30,51.73144626374598,1.8508087718611987
4360,Kin4a,2023-02-26 00:06:00,2023-02-26 01:11:00,2023-02-26 00:38:30,51.73449412313359,1.8556887238867144
4361,Kin4a,2023-02-26 01:13:00,2023-02-26 02:21:00,2023-02-26 01:47:00,52.18636749748936,1.878018576965279
4362,Kin4a,2023-02-26 02:23:00,2023-02-26 03:54:00,2023-02-26 03:08:30,52.787393266936895,1.904586212379922
4363,Kin4a,2023-02-26 03:58:00,2023-02-26 05:02:00,2023-02-26 04:30:00,53.11159742834352,1.918199617221636
4364,Kin4a,2023-02-26 05:04:00,2023-02-26 06:07:00,2023-02-26 05:35:30,53.24945865131154,1.9141472659636656
4365,Kin4a,2023-02-26 06:09:00,2023-02-26 07:15:00,2023-02-26 06:42:00,53.38942462577526,1.910033046747558
4367,Kin4a,2023-02-26 07:22:00,2023-02-26 07:48:00,2023-02-26 07:35:00,53.62622315801313,1.9067540449662996
4368,Kin4a,2023-02-26 07:52:00,2023-02-26 08:51:00,2023-02-26 08:21:30,53.54374686347259,1.905545553875761
4370,Kin4a,2023-02-26 09:18:00,2023-02-26 10:22:00,2023-02-26 09:50:00,53.57048419373139,1.9049006862505584
4371,Kin4a,2023-02-26 10:28:00,2023-02-26 11:38:00,2023-02-26 11:03:00,53.59253871473582,1.904368761542764
4372,Kin4a,2023-02-26 11:44:00,2023-02-26 12:44:00,2023-02-26 12:14:00,54.478458738883496,1.9038514101146349
4374,Kin4a,2023-02-26 15:26:00,2023-02-26 16:23:00,2023-02-26 15:54:30,53.54264871818749,1.9007269137740987
4375,Kin4a,2023-02-26 16:41:00,2023-02-26 17:19:00,2023-02-26 17:00:00,53.38080550536842,1.8982513395110816
4376,Kin4a,2023-02-26 17:25:00,2023-02-26 18:27:00,2023-02-26 17:56:00,53.24243573562999,1.8961348180037692
4377,Kin4a,2023-02-26 18:31:00,2023-02-26 19:28:00,2023-02-26 18:59:30,53.085534300301575,1.8937348337945852
4378,Kin4a,2023-02-26 19:38:00,2023-02-26 20:43:00,2023-02-26 20:10:30,52.910101199383206,1.8910513868835286
4379,Kin4a,2023-02-26 20:47:00,2023-02-26 21:46:00,2023-02-26 21:16:30,53.091890683997235,1.8885569151070534
4470,Kin4a,2023-03-08 20:37:00,2023-03-08 21:03:00,2023-03-08 20:50:00,31.57829808708186,1.4007931965949494
4471,Kin4a,2023-03-08 21:04:00,2023-03-08 21:28:00,2023-03-08 21:16:00,32.079215143501074,1.4334628323537135
4474,Kin4a,2023-03-09 02:06:00,2023-03-09 03:09:00,2023-03-09 02:37:30,35.09648426458901,1.5345238004040307
4475,Kin4a,2023-03-09 03:10:00,2023-03-09 03:45:00,2023-03-09 03:27:30,35.13775273734848,1.525336794547748
4476,Kin4a,2023-03-09 03:55:00,2023-03-09 04:23:00,2023-03-09 04:09:00,35.104487406381374,1.523870437620939
4478,Kin4a,2023-03-09 04:31:00,2023-03-09 05:01:00,2023-03-09 04:46:00,35.24463008077441,1.5284659404650152
4479,Kin4a,2023-03-09 05:04:00,2023-03-09 06:00:00,2023-03-09 05:32:00,35.41886151380358,1.534179268325218
4482,Kin4a,2023-03-09 06:27:00,2023-03-09 07:02:00,2023-03-09 06:44:30,35.69346540281694,1.543183969844016
4483,Kin4a,2023-03-09 07:09:00,2023-03-09 07:30:00,2023-03-09 07:19:30,35.82603279751305,1.5475310671289528
4485,Kin4a,2023-03-09 08:18:00,2023-03-09 09:11:00,2023-03-09 08:44:30,36.14798218463218,1.5580883033923711
4486,Kin4a,2023-03-09 09:14:00,2023-03-09 09:44:00,2023-03-09 09:29:00,36.31653215788865,1.5636153270832194
4487,Kin4a,2023-03-09 09:51:00,2023-03-09 10:14:00,2023-03-09 10:02:30,36.443418092812074,1.5677761201988019
4488,Kin4a,2023-03-09 10:19:00,2023-03-09 10:42:00,2023-03-09 10:30:30,36.54947200856896,1.5712537980267514
4490,Kin4a,2023-03-09 11:04:00,2023-03-09 12:05:00,2023-03-09 11:34:30,36.791880958870415,1.5792027759192075
4491,Kin4a,2023-03-09 12:13:00,2023-03-09 13:14:00,2023-03-09 12:43:30,36.81013207145182,1.578842123416588
4492,Kin4a,2023-03-09 13:18:00,2023-03-09 14:15:00,2023-03-09 13:46:30,36.6432357209526,1.5717693542102995
4493,Kin4a,2023-03-09 14:19:00,2023-03-09 15:20:00,2023-03-09 14:49:30,36.63331006954451,1.564696585004011
4494,Kin4a,2023-03-09 15:28:00,2023-03-09 16:28:00,2023-03-09 15:58:00,36.49749134151704,1.568313901429835
4495,Kin4a,2023-03-09 16:34:00,2023-03-09 17:34:00,2023-03-09 17:04:00,36.6977619945592,1.5818383666292957
4497,Kin4a,2023-03-09 17:50:00,2023-03-09 18:50:00,2023-03-09 18:20:00,36.92837668594106,1.597411993222614
4498,Kin4a,2023-03-09 18:52:00,2023-03-09 19:48:00,2023-03-09 19:20:00,37.01549231393837,1.6097069615857602
4503,Kin4a,2023-03-09 20:29:00,2023-03-09 21:30:00,2023-03-09 20:59:30,37.13625949970258,1.6056843802197864
4507,Kin4a,2023-03-09 21:49:00,2023-03-09 23:02:00,2023-03-09 22:25:30,37.05283831053944,1.5928588810104753
4510,Kin4a,2023-03-09 23:13:00,2023-03-09 23:41:00,2023-03-09 23:27:00,36.90548596021064,1.5836871577387008
4512,Kin4a,2023-03-09 23:53:00,2023-03-10 01:01:00,2023-03-10 00:27:00,36.92998633157131,1.581892196546463
4514,Kin4a,2023-03-10 01:55:00,2023-03-10 02:58:00,2023-03-10 02:26:30,36.795563443710684,1.5831864284079131
4549,Kin4a,2023-03-10 02:32:00,2023-03-10 04:03:00,2023-03-10 03:17:30,36.73230317759293,1.5837387784073607
4522,Kin4a,2023-03-10 04:13:00,2023-03-10 05:20:00,2023-03-10 04:46:30,36.71415244050475,1.5809544878592305
4552,Kin4a,2023-03-10 04:25:00,2023-03-10 06:10:00,2023-03-10 05:17:30,36.711322463227305,1.5795162749176972
4523,Kin4a,2023-03-10 05:21:00,2023-03-10 06:33:00,2023-03-10 05:57:00,36.70771652443829,1.5776837132663888
4524,Kin4a,2023-03-10 06:35:00,2023-03-10 07:40:00,2023-03-10 07:07:30,36.633440636595154,1.5744129386735473
4554,Kin4a,2023-03-10 06:51:00,2023-03-10 07:30:00,2023-03-10 07:10:30,36.62690461658545,1.5742737567759795
4555,Kin4a,2023-03-10 07:34:00,2023-03-10 08:00:00,2023-03-10 07:47:00,36.57725411776355,1.5730282817359011
4526,Kin4a,2023-03-10 08:17:00,2023-03-10 10:04:00,2023-03-10 09:10:30,36.75533559067711,1.5772554780614727
4540,Kin4a,2023-03-10 13:28:00,2023-03-10 14:09:00,2023-03-10 13:48:30,37.505920763643005,1.6118161584993784
4543,Kin4a,2023-03-10 14:41:00,2023-03-10 15:13:00,2023-03-10 14:57:00,38.08610511752313,1.622086235210613
4547,Kin4a,2023-03-10 23:13:00,2023-03-11 01:58:00,2023-03-11 00:35:30,37.39674634090167,1.6070321118480968
4556,Kin4a,2023-03-11 08:17:00,2023-03-11 10:17:00,2023-03-11 09:17:00,36.26923046847587,1.5507700711084755
4557,Kin4a,2023-03-11 10:23:00,2023-03-11 11:40:00,2023-03-11 11:01:30,36.32362590245123,1.556276839546737
4559,Kin4a,2023-03-11 13:24:00,2023-03-11 14:25:00,2023-03-11 13:54:30,36.14280859185256,1.5606580073572824
4560,Kin4a,2023-03-11 14:29:00,2023-03-11 15:42:00,2023-03-11 15:05:30,36.71326616867101,1.5698756636115951
4562,Kin4a,2023-03-11 16:42:00,2023-03-11 17:56:00,2023-03-11 17:19:00,36.96398840738742,1.5983752871355057
4569,Kin4a,2023-03-11 18:44:00,2023-03-11 20:44:00,2023-03-11 19:44:00,37.083258807884754,1.610984129217902
4570,Kin4a,2023-03-11 20:45:00,2023-03-11 22:28:00,2023-03-11 21:36:30,36.688721765452186,1.606202018212177
4571,Kin4a,2023-03-11 22:42:00,2023-03-12 00:27:00,2023-03-11 23:34:30,36.62272050848324,1.6005185203597345
4572,Kin4a,2023-03-12 00:30:00,2023-03-12 03:37:00,2023-03-12 02:03:30,36.92280181794345,1.5926466591052915
4573,Kin4a,2023-03-12 03:39:00,2023-03-12 04:52:00,2023-03-12 04:15:30,37.05454533942293,1.584781369273411
4574,Kin4a,2023-03-12 04:54:00,2023-03-12 06:40:00,2023-03-12 05:47:00,36.9438672193854,1.5779863025835088
4575,Kin4a,2023-03-12 06:42:00,2023-03-12 07:34:00,2023-03-12 07:08:00,36.84588986722104,1.5719709976449068
4576,Kin4a,2023-03-12 07:40:00,2023-03-12 09:39:00,2023-03-12 08:39:30,36.727314357375974,1.56659851695208
4577,Kin4a,2023-03-12 09:41:00,2023-03-12 11:39:00,2023-03-12 10:40:00,36.5665202309661,1.560358618132728
4578,Kin4a,2023-03-12 11:52:00,2023-03-12 12:03:00,2023-03-12 11:57:30,34.39923746602148,1.4767100474840278
4579,Kin4a,2023-03-12 12:06:00,2023-03-12 13:49:00,2023-03-12 12:57:30,34.949285891066964,1.4960516297153732
4580,Kin4a,2023-03-12 14:02:00,2023-03-12 15:57:00,2023-03-12 14:59:30,36.06771768865946,1.5353795135857757
4581,Kin4a,2023-03-12 16:03:00,2023-03-12 18:06:00,2023-03-12 17:04:30,36.607675633077,1.5545858486829944
4582,Kin4a,2023-03-12 18:10:00,2023-03-12 20:15:00,2023-03-12 19:12:30,36.600519227105785,1.554761979524658
4583,Kin4a,2023-03-12 20:24:00,2023-03-12 22:17:00,2023-03-12 21:20:30,36.59336282113456,1.5549381103663218
4584,Kin4a,2023-03-12 22:25:00,2023-03-12 22:43:00,2023-03-12 22:34:00,36.58925347864327,1.5550392479980584
4585,Kin4a,2023-03-13 00:27:00,2023-03-13 01:29:00,2023-03-13 00:58:00,36.58120252192565,1.5552373951949297
4586,Kin4a,2023-03-13 01:30:00,2023-03-13 02:58:00,2023-03-13 02:14:00,36.57695340588024,1.5553419728821678
4587,Kin4a,2023-03-13 03:00:00,2023-03-13 03:57:00,2023-03-13 03:28:30,36.572788153967295,1.5554444865361046
5044,Kin4b,2023-09-16 03:45:00,2023-09-16 04:02:00,2023-09-16 03:53:30,37.963262657596246,2.9678899990881384
5045,Kin4b,2023-09-16 04:15:00,2023-09-16 04:35:00,2023-09-16 04:25:00,37.92057154768187,2.940299923802409
5046,Kin4b,2023-09-16 04:38:00,2023-09-16 05:14:00,2023-09-16 04:56:00,37.87551219583888,2.993805074254124
5048,Kin4b,2023-09-16 06:36:00,2023-09-16 08:36:00,2023-09-16 07:36:00,37.20244750064071,3.4585946695694534
5049,Kin4b,2023-09-16 08:44:00,2023-09-16 08:57:00,2023-09-16 08:50:30,36.89316013608507,3.6750123248881534
5053,Kin4b,2023-09-16 10:08:00,2023-09-16 10:54:00,2023-09-16 10:31:00,36.78176034355306,3.956793753009292
5054,Kin4b,2023-09-16 10:57:00,2023-09-16 11:29:00,2023-09-16 11:13:00,36.88178372992078,4.071829156831421
5086,Kin4b,2023-09-16 18:21:00,2023-09-16 18:47:00,2023-09-16 18:34:00,37.03479308159957,4.355716833313792
5090,Kin4b,2023-09-16 19:02:00,2023-09-16 20:25:00,2023-09-16 19:43:30,36.645657294342854,3.812305460525419
5091,Kin4b,2023-09-16 20:25:00,2023-09-16 22:33:00,2023-09-16 21:29:00,35.875208219245955,3.117822295836092
5093,Kin4b,2023-09-16 22:43:00,2023-09-17 00:33:00,2023-09-16 23:38:00,34.89805338466439,2.7284176686413124
5094,Kin4b,2023-09-17 00:34:00,2023-09-17 01:23:00,2023-09-17 00:58:30,34.86019697356427,2.7290372222084045
5095,Kin4b,2023-09-17 01:28:00,2023-09-17 03:32:00,2023-09-17 02:30:00,34.872211824743985,2.779287720926055
5096,Kin4b,2023-09-17 03:40:00,2023-09-17 03:44:00,2023-09-17 03:42:00,34.94015722051708,2.886319964523132
5099,Kin4b,2023-09-17 03:59:00,2023-09-17 04:40:00,2023-09-17 04:19:30,35.02108634534296,3.2064301156350656
5100,Kin4b,2023-09-17 04:41:00,2023-09-17 05:23:00,2023-09-17 05:02:00,35.11280602014561,3.5692216202285905
5104,Kin4b,2023-09-17 08:22:00,2023-09-17 09:23:00,2023-09-17 08:52:30,36.931495416759496,11.571274003132643
5105,Kin4b,2023-09-17 09:29:00,2023-09-17 09:51:00,2023-09-17 09:40:00,37.60863533353495,14.6012180444975
5106,Kin4b,2023-09-17 09:57:00,2023-09-17 10:30:00,2023-09-17 10:13:30,38.10501920203351,16.738125947354824
5107,Kin4b,2023-09-17 11:07:00,2023-09-17 12:27:00,2023-09-17 11:47:00,32.99619667793847,3.350139283308264
5108,Kin4b,2023-09-17 12:30:00,2023-09-17 14:16:00,2023-09-17 13:23:00,33.56140446087592,2.891484275707354
5109,Kin4b,2023-09-17 14:19:00,2023-09-17 14:30:00,2023-09-17 14:24:30,33.917625800141636,2.597658411463021
5110,Kin4b,2023-09-17 14:43:00,2023-09-17 15:54:00,2023-09-17 15:18:30,34.10202760028939,2.574479195106095
5112,Kin4b,2023-09-17 16:02:00,2023-09-17 17:01:00,2023-09-17 16:31:30,34.31789734410088,2.6032750067669133
5113,Kin4b,2023-09-17 17:26:00,2023-09-17 18:48:00,2023-09-17 18:07:00,34.43346482399601,2.669623613582453
5114,Kin4b,2023-09-17 18:49:00,2023-09-17 20:05:00,2023-09-17 19:27:00,34.467206767284615,2.738263478344065
5115,Kin4b,2023-09-17 20:12:00,2023-09-17 21:25:00,2023-09-17 20:48:30,34.55005714961982,2.7937723889719264
5116,Kin4b,2023-09-17 21:26:00,2023-09-17 22:44:00,2023-09-17 22:05:00,34.66496152262645,2.832810225150636
5120,Kin4b,2023-09-17 23:58:00,2023-09-18 00:10:00,2023-09-18 00:04:00,34.254148877480894,2.8053855219069743
5121,Kin4b,2023-09-18 00:24:00,2023-09-18 01:54:00,2023-09-18 01:09:00,33.70162652814636,2.7515865765660577
5122,Kin4b,2023-09-18 02:03:00,2023-09-18 03:01:00,2023-09-18 02:32:00,33.52635749029721,2.6922314391566133
5124,Kin4b,2023-09-18 03:09:00,2023-09-18 04:15:00,2023-09-18 03:42:00,33.72041101884498,2.6538146632178323
5126,Kin4b,2023-09-18 04:22:00,2023-09-18 05:24:00,2023-09-18 04:53:00,33.92956220292268,2.614849076194212
5127,Kin4b,2023-09-18 05:32:00,2023-09-18 06:50:00,2023-09-18 06:11:00,34.25200383836127,3.4185084024500307
5135,Kin4b,2023-09-18 07:56:00,2023-09-18 08:28:00,2023-09-18 08:12:00,34.915584915951,5.614748597613102
5140,Kin4b,2023-09-18 13:06:00,2023-09-18 13:33:00,2023-09-18 13:19:30,36.19700197050766,2.9638274492604015
5142,Kin4b,2023-09-18 13:48:00,2023-09-18 14:04:00,2023-09-18 13:56:00,36.32450851059552,2.99355193746862
5143,Kin4b,2023-09-18 14:06:00,2023-09-18 14:52:00,2023-09-18 14:29:00,36.1890316630756,3.02042613228701
5145,Kin4b,2023-09-18 16:07:00,2023-09-18 17:33:00,2023-09-18 16:50:00,36.25748502858115,2.912668695790684
5146,Kin4b,2023-09-18 17:36:00,2023-09-18 18:36:00,2023-09-18 18:06:00,35.85876718626086,2.7825114052677944
5147,Kin4b,2023-09-18 22:12:00,2023-09-18 23:13:00,2023-09-18 22:42:30,36.550017640538094,2.8010487978715712
5148,Kin4b,2023-09-18 23:16:00,2023-09-19 00:14:00,2023-09-18 23:45:00,36.24289051758188,2.7770288861941546
5164,Kin4b,2023-09-19 09:51:00,2023-09-19 11:16:00,2023-09-19 10:33:30,35.37970003926534,2.736300188152865
5165,Kin4b,2023-09-19 11:23:00,2023-09-19 12:20:00,2023-09-19 11:51:30,34.859675699857874,2.7151095160076357
5167,Kin4b,2023-09-19 12:29:00,2023-09-19 13:29:00,2023-09-19 12:59:00,34.87570686325552,3.956797808597302
5176,Kin4b,2023-09-19 15:29:00,2023-09-19 16:55:00,2023-09-19 16:12:00,34.19176290318469,7.838649726141937
5183,Kin4b,2023-09-19 17:39:00,2023-09-19 18:55:00,2023-09-19 18:17:00,33.464360186150905,3.989042274992376
5185,Kin4b,2023-09-19 19:06:00,2023-09-19 20:31:00,2023-09-19 19:48:30,33.42775613336771,2.7086353552201636
5186,Kin4b,2023-09-19 20:34:00,2023-09-19 22:09:00,2023-09-19 21:21:30,33.887138724150326,2.9074627911930593
5187,Kin4b,2023-09-19 22:14:00,2023-09-19 22:27:00,2023-09-19 22:20:30,33.70710028604716,2.9805557802188587
5188,Kin4b,2023-09-19 22:36:00,2023-09-19 22:57:00,2023-09-19 22:46:30,32.51474305659554,2.8909665752016176
5301,Kin4b,2023-09-21 06:59:00,2023-09-21 08:02:00,2023-09-21 07:30:30,22.17890641111153,1.6585679087226388
5302,Kin4b,2023-09-21 08:03:00,2023-09-21 08:58:00,2023-09-21 08:30:30,22.616887175221986,1.6898525465665053
5303,Kin4b,2023-09-21 09:45:00,2023-09-21 10:30:00,2023-09-21 10:07:30,23.32495607720056,1.7404293777474227
5315,Kin4b,2023-09-21 11:53:00,2023-09-21 12:53:00,2023-09-21 12:23:00,24.02001101012227,1.791616193827406
5316,Kin4b,2023-09-21 12:56:00,2023-09-21 13:41:00,2023-09-21 13:18:30,23.51932275931818,1.7605950016877545
5317,Kin4b,2023-09-21 13:47:00,2023-09-21 14:15:00,2023-09-21 14:01:00,23.13591283753126,1.7368400347339674
5318,Kin4b,2023-09-21 14:24:00,2023-09-21 15:27:00,2023-09-21 14:55:30,22.644245996651566,1.7063777829932287
5320,Kin4b,2023-09-21 15:35:00,2023-09-21 16:43:00,2023-09-21 16:09:00,21.98117236720831,1.6652956636731497
5321,Kin4b,2023-09-21 16:53:00,2023-09-21 17:33:00,2023-09-21 17:13:00,3.8854087997563114,0.4689537645448577
5322,Kin4b,2023-09-21 17:48:00,2023-09-21 18:48:00,2023-09-21 18:18:00,8.33054653995107,1.1365765601316493
5323,Kin4b,2023-09-21 18:52:00,2023-09-21 19:58:00,2023-09-21 19:25:00,12.912457749074898,1.8247415955826498
5324,Kin4b,2023-09-21 20:00:00,2023-09-21 21:01:00,2023-09-21 20:30:30,17.391788856501925,2.4974999511354934
5386,Kin4b,2023-09-25 00:45:00,2023-09-25 01:37:00,2023-09-25 01:11:00,26.852395452784066,1.9021055510694191
5387,Kin4b,2023-09-25 01:45:00,2023-09-25 02:18:00,2023-09-25 02:01:30,27.625662248860095,1.9574169115940716
5388,Kin4b,2023-09-25 02:42:00,2023-09-25 03:18:00,2023-09-25 03:00:00,28.5214267552056,2.0214904678454015
5364,Kin4b,2023-09-25 06:44:00,2023-09-25 07:35:00,2023-09-25 07:09:30,32.34182409423471,2.2947614470711604
5378,Kin4b,2023-09-25 19:57:00,2023-09-25 20:56:00,2023-09-25 20:26:30,37.46131800706567,2.679511851637113
5379,Kin4b,2023-09-25 20:57:00,2023-09-25 21:50:00,2023-09-25 21:23:30,36.65686956567937,2.643634763733095
5380,Kin4b,2023-09-25 22:04:00,2023-09-25 23:16:00,2023-09-25 22:40:00,36.42318048242305,2.617745118173945
5385,Kin4b,2023-09-25 23:52:00,2023-09-26 00:10:00,2023-09-26 00:01:00,36.45456746809384,2.608055532691479
5406,Kin4b,2023-09-27 02:00:00,2023-09-27 03:03:00,2023-09-27 02:31:30,39.1237585979727,2.7737102510143474
5407,Kin4b,2023-09-27 03:10:00,2023-09-27 03:26:00,2023-09-27 03:18:00,38.86118700272959,2.73751055352082
5408,Kin4b,2023-09-27 03:29:00,2023-09-27 04:28:00,2023-09-27 03:58:30,38.46771618647111,2.704852205615524
5409,Kin4b,2023-09-27 04:30:00,2023-09-27 05:30:00,2023-09-27 05:00:00,37.736249949046936,2.6552598995371115
5411,Kin4b,2023-09-27 05:43:00,2023-09-27 06:03:00,2023-09-27 05:53:00,37.60531773588657,2.63399142986639
5412,Kin4b,2023-09-27 06:28:00,2023-09-27 07:13:00,2023-09-27 06:50:30,37.80394980973891,2.6526555198642026
5414,Kin4b,2023-09-27 07:30:00,2023-09-27 08:10:00,2023-09-27 07:50:00,38.009490825290456,2.67196879560107
5416,Kin4b,2023-09-27 08:16:00,2023-09-27 09:02:00,2023-09-27 08:39:00,38.119111757963175,2.687873846207902
5437,Kin4b,2023-09-30 13:04:00,2023-09-30 13:09:00,2023-09-30 13:06:30,36.83321156792824,2.620911281657692
5445,Kin4b,2023-09-30 23:02:00,2023-09-30 23:17:00,2023-09-30 23:09:30,38.522158325422275,2.766444179364646
5446,Kin4b,2023-09-30 23:20:00,2023-10-01 09:21:00,2023-10-01 04:20:30,36.702137576535534,2.6160095681822835
5448,Kin4b,2023-09-30 23:46:00,2023-10-01 00:39:00,2023-10-01 00:12:30,38.08660522212542,2.7343529994682276
5449,Kin4b,2023-10-01 00:49:00,2023-10-01 01:50:00,2023-10-01 01:19:30,37.24316467012359,2.7002242843402895
5453,Kin4b,2023-10-01 03:08:00,2023-10-01 04:08:00,2023-10-01 03:38:00,36.90867494922591,2.635358756124257
5454,Kin4b,2023-10-01 04:10:00,2023-10-01 04:49:00,2023-10-01 04:29:30,36.651338342203616,2.611912093088689
5455,Kin4b,2023-10-01 04:55:00,2023-10-01 05:08:00,2023-10-01 05:01:30,36.602946488225015,2.6047741274783367
5456,Kin4b,2023-10-01 05:19:00,2023-10-01 05:32:00,2023-10-01 05:25:30,36.684880629802436,2.612045489814291
5457,Kin4b,2023-10-01 05:38:00,2023-10-01 06:22:00,2023-10-01 06:00:00,36.802660958319976,2.6224980731722245
5458,Kin4b,2023-10-01 07:07:00,2023-10-01 08:24:00,2023-10-01 07:45:30,36.94375437570146,2.654461770107355
5459,Kin4b,2023-10-01 08:31:00,2023-10-01 08:44:00,2023-10-01 08:37:30,37.25901698603204,2.663661951674072
5460,Kin4b,2023-10-01 08:51:00,2023-10-01 09:35:00,2023-10-01 09:13:00,37.082023055169984,2.6503883338614296
5461,Kin4b,2023-10-01 09:38:00,2023-10-01 10:17:00,2023-10-01 09:57:30,36.860157423526,2.6337495735047374
5462,Kin4b,2023-10-01 10:20:00,2023-10-01 11:22:00,2023-10-01 10:51:00,36.36137224420262,2.6137456706039948
5463,Kin4b,2023-10-01 11:29:00,2023-10-01 12:27:00,2023-10-01 11:58:00,36.47700768797818,2.602633376096936
5464,Kin4b,2023-10-01 12:29:00,2023-10-01 13:23:00,2023-10-01 12:56:00,36.59004429382813,2.606708368355372
5465,Kin4b,2023-10-01 13:25:00,2023-10-01 13:47:00,2023-10-01 13:36:00,36.68228734963883,2.609518707843949
5466,Kin4b,2023-10-01 14:03:00,2023-10-01 14:53:00,2023-10-01 14:28:00,36.62347170164596,2.6034795261670176
5467,Kin4b,2023-10-01 14:57:00,2023-10-01 15:36:00,2023-10-01 15:16:30,36.508059158578604,2.5929377388774517
5468,Kin4b,2023-10-01 15:42:00,2023-10-01 17:00:00,2023-10-01 16:21:00,36.22829654017974,2.578918248564524
5469,Kin4b,2023-10-01 17:04:00,2023-10-01 18:39:00,2023-10-01 17:51:30,36.219919236996105,2.5776387830602787
5470,Kin4b,2023-10-01 18:41:00,2023-10-01 19:57:00,2023-10-01 19:19:00,36.119800502816446,2.590923301129569
5471,Kin4b,2023-10-01 20:01:00,2023-10-01 20:55:00,2023-10-01 20:28:00,36.05879779250983,2.5883569330519025
5472,Kin4b,2023-10-01 20:58:00,2023-10-01 22:33:00,2023-10-01 21:45:30,35.84229592877017,2.5650879567452796
5476,Kin4b,2023-10-01 22:53:00,2023-10-02 00:02:00,2023-10-01 23:27:30,35.78819562898097,2.548852320208894
5477,Kin4b,2023-10-02 00:06:00,2023-10-02 01:06:00,2023-10-02 00:36:00,35.85798540508328,2.553144808715145
5478,Kin4b,2023-10-02 01:08:00,2023-10-02 01:32:00,2023-10-02 01:20:00,35.9680737599803,2.555902027609671
5479,Kin4b,2023-10-02 02:03:00,2023-10-02 02:20:00,2023-10-02 02:11:30,35.88650090643637,2.5550462626410653
5480,Kin4b,2023-10-02 02:22:00,2023-10-02 03:22:00,2023-10-02 02:52:00,35.75145350815211,2.5471183309484493
5481,Kin4b,2023-10-02 03:23:00,2023-10-02 04:22:00,2023-10-02 03:52:30,35.54971603664105,2.53527537125948
5482,Kin4b,2023-10-02 04:24:00,2023-10-02 04:36:00,2023-10-02 04:30:00,35.45644091193421,2.527934693766317
5483,Kin4b,2023-10-02 05:05:00,2023-10-02 06:08:00,2023-10-02 05:36:30,34.4086249526957,2.4572471857240776
5484,Kin4b,2023-10-02 06:10:00,2023-10-02 07:10:00,2023-10-02 06:40:00,32.885665036464694,2.349616429276676
5485,Kin4b,2023-10-02 07:11:00,2023-10-02 07:50:00,2023-10-02 07:30:30,31.67586047992927,2.264020315881498
5486,Kin4b,2023-10-02 07:58:00,2023-10-02 08:42:00,2023-10-02 08:20:00,31.183276180039645,2.228846148179833
5494,Kin4b,2023-10-02 23:50:00,2023-10-03 00:50:00,2023-10-03 00:20:00,35.02525165311176,2.511183833695463
5495,Kin4b,2023-10-03 00:54:00,2023-10-03 01:53:00,2023-10-03 01:23:30,35.27812552790965,2.553739104262627
5496,Kin4b,2023-10-03 01:57:00,2023-10-03 02:33:00,2023-10-03 02:15:00,35.3116588583943,2.5882524339352093
5497,Kin4b,2023-10-03 02:38:00,2023-10-03 02:50:00,2023-10-03 02:44:00,35.59244130290992,2.600882567690528
5499,Kin4b,2023-10-03 02:58:00,2023-10-03 03:10:00,2023-10-03 03:04:00,35.656857528654626,2.5977229869207004
5501,Kin4b,2023-10-03 03:45:00,2023-10-03 04:14:00,2023-10-03 03:59:30,35.83561255509618,2.5889551502844292
5502,Kin4b,2023-10-03 04:28:00,2023-10-03 05:29:00,2023-10-03 04:58:30,35.701539100972866,2.5796343870134386
5503,Kin4b,2023-10-03 05:36:00,2023-10-03 06:36:00,2023-10-03 06:06:00,39.58238237758982,3.0135793323683906
5504,Kin4b,2023-10-03 06:38:00,2023-10-03 07:38:00,2023-10-03 07:08:00,46.04332991738286,3.837425626581526
5505,Kin4b,2023-10-03 07:40:00,2023-10-03 08:31:00,2023-10-03 08:05:30,51.92029213470016,4.601476625246933
5506,Kin4b,2023-10-03 08:55:00,2023-10-03 10:02:00,2023-10-03 09:28:30,34.66028753284475,2.469659493208851
5507,Kin4b,2023-10-03 10:06:00,2023-10-03 11:45:00,2023-10-03 10:55:30,35.003033931695455,2.4932094813389454
5508,Kin4b,2023-10-03 12:01:00,2023-10-03 13:23:00,2023-10-03 12:42:00,35.226118456520794,2.5141017501663767
5511,Kin4b,2023-10-03 14:18:00,2023-10-03 15:28:00,2023-10-03 14:53:00,35.27663146473228,2.5300688720409776
5512,Kin4b,2023-10-03 15:30:00,2023-10-03 16:51:00,2023-10-03 16:10:30,35.63622010339345,2.5468744455524357
5513,Kin4b,2023-10-03 19:04:00,2023-10-03 20:55:00,2023-10-03 19:59:30,36.652827170415435,2.5856449736816027
5514,Kin4b,2023-10-03 20:58:00,2023-10-03 21:57:00,2023-10-03 21:27:30,36.504157670031745,2.5833037849613234
5515,Kin4b,2023-10-03 22:05:00,2023-10-03 23:10:00,2023-10-03 22:37:30,36.47273457318679,2.5783139801483848
5517,Kin4b,2023-10-03 23:27:00,2023-10-03 23:54:00,2023-10-03 23:40:30,36.401801471529396,2.5715378443182835
5518,Kin4b,2023-10-04 00:20:00,2023-10-04 01:10:00,2023-10-04 00:45:00,36.36671681279764,2.5646003719207986
5519,Kin4b,2023-10-04 01:14:00,2023-10-04 02:08:00,2023-10-04 01:41:00,36.31781681494786,2.5587999919135513
5523,Kin4b,2023-10-04 05:27:00,2023-10-04 06:40:00,2023-10-04 06:03:30,35.783399314785115,2.532583286016451
5524,Kin4b,2023-10-04 06:44:00,2023-10-04 07:44:00,2023-10-04 07:14:00,35.6532424432583,2.524710256851725
5525,Kin4b,2023-10-04 07:45:00,2023-10-04 08:44:00,2023-10-04 08:14:30,35.55531468554412,2.517097439052536
5526,Kin4b,2023-10-04 08:46:00,2023-10-04 09:40:00,2023-10-04 09:13:00,35.45964091934569,2.509736284651666
5527,Kin4b,2023-10-04 09:59:00,2023-10-04 11:00:00,2023-10-04 10:29:30,35.586906355076785,2.5182551465482614
5529,Kin4b,2023-10-04 11:22:00,2023-10-04 12:21:00,2023-10-04 11:51:30,35.89905566783072,2.5402121950338854
5531,Kin4b,2023-10-04 12:55:00,2023-10-04 13:55:00,2023-10-04 13:25:00,36.351313209821335,2.565248585685176
5532,Kin4b,2023-10-04 14:03:00,2023-10-04 14:26:00,2023-10-04 14:14:30,36.38465705563917,2.560905302616005
5533,Kin4b,2023-10-04 14:28:00,2023-10-04 14:41:00,2023-10-04 14:34:30,36.14436429237782,2.5449299617187755
5537,Kin4b,2023-10-04 22:08:00,2023-10-04 23:04:00,2023-10-04 22:36:00,32.076245503573226,2.283075969261211
5538,Kin4b,2023-10-04 23:07:00,2023-10-05 00:15:00,2023-10-04 23:41:00,32.69504928439594,2.3506305622083667
5539,Kin4b,2023-10-05 00:20:00,2023-10-05 01:23:00,2023-10-05 00:51:30,33.634997195236465,2.4015892293228616
5541,Kin4b,2023-10-05 01:35:00,2023-10-05 02:35:00,2023-10-05 02:05:00,34.01249966952788,2.4306947084969064
5543,Kin4b,2023-10-05 02:45:00,2023-10-05 03:30:00,2023-10-05 03:07:30,34.29263086601044,2.455444265617693
5544,Kin4b,2023-10-05 03:36:00,2023-10-05 04:36:00,2023-10-05 04:06:00,34.36676386571761,2.456570088436269
5545,Kin4b,2023-10-05 04:38:00,2023-10-05 05:03:00,2023-10-05 04:50:30,34.25740421896053,2.4435267568133554
5548,Kin4b,2023-10-05 06:03:00,2023-10-05 07:03:00,2023-10-05 06:33:00,34.95477083943656,2.501686752646972
5550,Kin4b,2023-10-05 07:20:00,2023-10-05 08:02:00,2023-10-05 07:41:00,35.12919804857789,2.549642709503979
5571,Kin4b,2023-10-05 22:52:00,2023-10-05 23:18:00,2023-10-05 23:05:00,40.0250306252002,2.83077591478624
5572,Kin4b,2023-10-05 23:22:00,2023-10-06 00:22:00,2023-10-05 23:52:00,38.901432579327526,2.790594797982666
5573,Kin4b,2023-10-06 00:34:00,2023-10-06 01:29:00,2023-10-06 01:01:30,38.7177496578136,2.7409849701044964
5574,Kin4b,2023-10-06 02:04:00,2023-10-06 03:04:00,2023-10-06 02:34:00,37.95637623094117,2.6867469478980768
5575,Kin4b,2023-10-06 03:07:00,2023-10-06 03:50:00,2023-10-06 03:28:30,37.595450586091204,2.654790491571051
5576,Kin4b,2023-10-06 03:54:00,2023-10-06 04:54:00,2023-10-06 04:24:00,37.43459752774883,2.638495389905581
5577,Kin4b,2023-10-06 04:55:00,2023-10-06 05:55:00,2023-10-06 05:25:00,37.305125470611884,2.6336998134479743
5578,Kin4b,2023-10-06 05:56:00,2023-10-06 06:51:00,2023-10-06 06:23:30,37.18095964532482,2.6291007770091226
5579,Kin4b,2023-10-06 06:57:00,2023-10-06 07:58:00,2023-10-06 07:27:30,37.045120109968025,2.624069352529011
5580,Kin4b,2023-10-06 08:00:00,2023-10-06 08:34:00,2023-10-06 08:17:00,36.94005671934051,2.6201778601576744
5581,Kin4b,2023-10-06 09:02:00,2023-10-06 09:15:00,2023-10-06 09:08:30,36.83074834323309,2.6161291357713345
5582,Kin4b,2023-10-06 09:27:00,2023-10-06 09:57:00,2023-10-06 09:42:00,36.75964483644477,2.613495499520026
5583,Kin4b,2023-10-06 12:46:00,2023-10-06 13:04:00,2023-10-06 12:55:00,37.14164295675899,2.6681726576289684
5584,Kin4b,2023-10-06 13:19:00,2023-10-06 14:19:00,2023-10-06 13:49:00,37.25248809735994,2.6586755351362577
5586,Kin4b,2023-10-06 14:58:00,2023-10-06 16:10:00,2023-10-06 15:34:00,37.1033782346185,2.62706214316912
5589,Kin4b,2023-10-06 18:18:00,2023-10-06 18:42:00,2023-10-06 18:30:00,36.57735543190768,2.612467787931041
5592,Kin4b,2023-10-06 19:04:00,2023-10-06 19:45:00,2023-10-06 19:24:30,36.53259331909791,2.612337160538469
5593,Kin4b,2023-10-06 19:51:00,2023-10-06 20:21:00,2023-10-06 20:06:00,36.49850840750882,2.6122376919734824
5596,Kin4b,2023-10-06 20:38:00,2023-10-06 21:31:00,2023-10-06 21:04:30,36.45046100201577,2.6120974772493453
5597,Kin4b,2023-10-06 21:24:00,2023-10-06 22:09:00,2023-10-06 21:46:30,36.41163848164963,2.6119968102679136
5598,Kin4b,2023-10-06 22:23:00,2023-10-06 23:21:00,2023-10-06 22:52:00,36.00380050625602,2.58200931221572
5599,Kin4b,2023-10-06 23:22:00,2023-10-07 00:22:00,2023-10-06 23:52:00,35.352221527945495,2.531730198884566
5600,Kin4b,2023-10-07 00:31:00,2023-10-07 01:43:00,2023-10-07 01:07:00,34.53774780505734,2.468881307220625
5601,Kin4b,2023-10-07 01:46:00,2023-10-07 02:07:00,2023-10-07 01:56:30,34.00019514795116,2.427401038722424
5602,Kin4b,2023-10-07 02:11:00,2023-10-07 03:12:00,2023-10-07 02:41:30,33.52126071651165,2.3896917037240595
5603,Kin4b,2023-10-07 03:27:00,2023-10-07 04:12:00,2023-10-07 03:49:30,32.51984447956232,2.3183053336572947
5604,Kin4b,2023-10-07 04:19:00,2023-10-07 05:16:00,2023-10-07 04:47:30,31.4817054118702,2.2441679346043015
5605,Kin4b,2023-10-07 07:59:00,2023-10-07 08:31:00,2023-10-07 08:15:00,32.77824171095727,2.38937256941526
5606,Kin4b,2023-10-07 08:40:00,2023-10-07 09:34:00,2023-10-07 09:07:00,33.29993615079653,2.415795830081718
5608,Kin4b,2023-10-07 09:44:00,2023-10-07 10:50:00,2023-10-07 10:17:00,33.27852846434537,2.3896713201266118
5609,Kin4b,2023-10-07 11:01:00,2023-10-07 12:01:00,2023-10-07 11:31:00,33.383137460976776,2.3808983081087525
5611,Kin4b,2023-10-07 12:04:00,2023-10-07 13:02:00,2023-10-07 12:33:00,33.44611921942029,2.3892938229337557
5612,Kin4b,2023-10-07 13:07:00,2023-10-07 14:10:00,2023-10-07 13:38:30,33.66813484233474,2.4027140490764154
5613,Kin4b,2023-10-07 14:12:00,2023-10-07 14:49:00,2023-10-07 14:30:30,33.866577937800265,2.4166612878140934
5614,Kin4b,2023-10-07 14:52:00,2023-10-07 16:02:00,2023-10-07 15:27:00,34.113627215873,2.431815499134839
5615,Kin4b,2023-10-07 16:11:00,2023-10-07 16:24:00,2023-10-07 16:17:30,34.30428599610053,2.447210956734791
5616,Kin4b,2023-10-07 16:30:00,2023-10-07 17:32:00,2023-10-07 17:01:00,34.56895810299696,2.4650944682524623
5617,Kin4b,2023-10-07 17:33:00,2023-10-07 18:00:00,2023-10-07 17:46:30,34.84579904239437,2.4838002101847394
5619,Kin4b,2023-10-07 18:28:00,2023-10-07 19:24:00,2023-10-07 18:56:00,35.18966167475528,2.5123727170922834
5620,Kin4b,2023-10-07 20:27:00,2023-10-07 21:28:00,2023-10-07 20:57:30,35.87654004962093,2.5564785083256925
5621,Kin4b,2023-10-07 21:30:00,2023-10-07 22:31:00,2023-10-07 22:00:30,36.111964932956994,2.575799555428155
5622,Kin4b,2023-10-07 22:39:00,2023-10-07 23:00:00,2023-10-07 22:49:30,36.371959041641816,2.5908270365078474
5623,Kin4b,2023-10-08 08:11:00,2023-10-08 09:10:00,2023-10-08 08:40:30,37.97310629330501,2.69852342339591
5624,Kin4b,2023-10-08 09:13:00,2023-10-08 09:47:00,2023-10-08 09:30:00,37.47830498186744,2.6665339625163624
5625,Kin4b,2023-10-08 09:57:00,2023-10-08 11:17:00,2023-10-08 10:37:00,36.317430245630455,2.623235096275359
5626,Kin4b,2023-10-08 11:26:00,2023-10-08 12:51:00,2023-10-08 12:08:30,36.13033704000402,2.5758370212366515
5627,Kin4b,2023-10-08 12:51:00,2023-10-08 13:04:00,2023-10-08 12:57:30,35.89026559686697,2.5565666037964396
5628,Kin4b,2023-10-08 13:08:00,2023-10-08 13:47:00,2023-10-08 13:27:30,35.73849286249552,2.5447683890371264
5629,Kin4b,2023-10-08 13:55:00,2023-10-08 14:33:00,2023-10-08 14:14:00,35.5879346517045,2.5329591529433118
5630,Kin4b,2023-10-08 14:37:00,2023-10-08 16:01:00,2023-10-08 15:19:00,35.50077403697144,2.5280708121166025
5632,Kin4b,2023-10-08 16:10:00,2023-10-08 17:13:00,2023-10-08 16:41:30,35.50433194088693,2.5218663795288565
5633,Kin4b,2023-10-08 17:20:00,2023-10-08 18:22:00,2023-10-08 17:51:00,35.48867942680074,2.5281475260344197
5634,Kin4b,2023-10-08 18:23:00,2023-10-08 19:32:00,2023-10-08 18:57:30,35.71461728499692,2.5447745283564167
5654,Kin4b,2023-10-13 01:11:00,2023-10-13 02:14:00,2023-10-13 01:42:30,34.122243699885345,1.4488210710029665
5655,Kin4b,2023-10-13 03:23:00,2023-10-13 04:40:00,2023-10-13 04:01:30,33.65349009004888,1.4221170077436645
5659,Kin4b,2023-10-13 06:25:00,2023-10-13 07:21:00,2023-10-13 06:53:00,33.93134696536108,1.422711451680752
5660,Kin4b,2023-10-13 07:35:00,2023-10-13 08:03:00,2023-10-13 07:49:00,33.82017237755466,1.4188062529946606
5661,Kin4b,2023-10-13 08:47:00,2023-10-13 09:52:00,2023-10-13 09:19:30,33.5685502009039,1.4124951729751731
5663,Kin4b,2023-10-13 09:59:00,2023-10-13 11:10:00,2023-10-13 10:34:30,33.327163213860544,1.3990228576354773
5667,Kin4b,2023-10-13 10:33:00,2023-10-13 15:48:00,2023-10-13 13:10:30,32.45115251647737,1.357934846265685
5664,Kin4b,2023-10-13 11:23:00,2023-10-13 12:00:00,2023-10-13 11:41:30,32.92299277162776,1.3807601656602486
5665,Kin4b,2023-10-13 12:07:00,2023-10-13 13:03:00,2023-10-13 12:35:00,32.61760930597888,1.3661772698292824
5666,Kin4b,2023-10-13 13:44:00,2023-10-13 14:00:00,2023-10-13 13:52:00,32.40756708231298,1.356326284543982
5670,Kin4b,2023-10-13 16:16:00,2023-10-13 16:51:00,2023-10-13 16:33:30,32.4463805357278,1.3581087833506635
5671,Kin4b,2023-10-13 18:09:00,2023-10-13 19:04:00,2023-10-13 18:36:30,32.313217561042705,1.3762395206972915
5672,Kin4b,2023-10-13 19:09:00,2023-10-13 20:07:00,2023-10-13 19:38:00,32.59171179884155,1.3856681514798084
5673,Kin4b,2023-10-13 20:11:00,2023-10-13 21:02:00,2023-10-13 20:36:30,32.35729735175538,1.39495643485269
5674,Kin4b,2023-10-13 21:04:00,2023-10-13 22:05:00,2023-10-13 21:34:30,32.15426676431313,1.404165331188196
5675,Kin4b,2023-10-13 22:10:00,2023-10-13 22:25:00,2023-10-13 22:17:30,32.00355258262067,1.4061227097791988
5676,Kin4b,2023-10-13 22:27:00,2023-10-13 23:22:00,2023-10-13 22:54:30,32.025193026989115,1.3957643284674464
5678,Kin4b,2023-10-13 23:28:00,2023-10-14 00:31:00,2023-10-13 23:59:30,32.063210023852605,1.3775671721089622
5679,Kin4b,2023-10-14 00:34:00,2023-10-14 01:33:00,2023-10-14 01:03:30,32.36334087559986,1.3596499720021473
5683,Kin4b,2023-10-14 02:22:00,2023-10-14 03:00:00,2023-10-14 02:41:00,32.14964114250421,1.3546376546182477
5685,Kin4b,2023-10-14 03:17:00,2023-10-14 04:15:00,2023-10-14 03:46:00,32.20178328123556,1.359137110142742
5686,Kin4b,2023-10-14 04:51:00,2023-10-14 05:11:00,2023-10-14 05:01:00,32.05983226079182,1.3561948134761137
5688,Kin4b,2023-10-14 05:22:00,2023-10-14 05:33:00,2023-10-14 05:27:30,31.978596894980107,1.3530985846834092
5690,Kin4b,2023-10-14 06:12:00,2023-10-14 07:11:00,2023-10-14 06:41:30,31.450201089365166,1.3444525118283104
5691,Kin4b,2023-10-14 07:24:00,2023-10-14 08:22:00,2023-10-14 07:53:00,31.48867749899724,1.331836933778904
5692,Kin4b,2023-10-14 08:25:00,2023-10-14 09:15:00,2023-10-14 08:50:00,31.25004184816248,1.3189724892753532
5693,Kin4b,2023-10-14 09:20:00,2023-10-14 10:11:00,2023-10-14 09:45:30,31.017686082876,1.3064465827850535
5694,Kin4b,2023-10-14 10:13:00,2023-10-14 10:43:00,2023-10-14 10:28:00,30.790302689941743,1.2968546724095988
5696,Kin4b,2023-10-14 11:10:00,2023-10-14 12:11:00,2023-10-14 11:40:30,30.93170829125948,1.2973393785510796
5697,Kin4b,2023-10-14 12:15:00,2023-10-15 04:04:00,2023-10-14 20:09:30,32.25162571362717,1.3643303177485944
5698,Kin4b,2023-10-14 13:25:00,2023-10-14 14:32:00,2023-10-14 13:58:30,31.25685955719147,1.3092881908020355
5699,Kin4b,2023-10-14 14:50:00,2023-10-14 15:19:00,2023-10-14 15:04:30,31.31591862231756,1.310037787049201
5700,Kin4b,2023-10-14 16:32:00,2023-10-14 16:56:00,2023-10-14 16:44:00,31.234205099644004,1.3135626607363682
5702,Kin4b,2023-10-14 18:09:00,2023-10-14 19:01:00,2023-10-14 18:35:00,31.51700506862116,1.3352010553767024
5703,Kin4b,2023-10-14 20:24:00,2023-10-14 20:48:00,2023-10-14 20:36:00,32.69081507440451,1.3749198608976894
5705,Kin4b,2023-10-15 04:21:00,2023-10-15 05:24:00,2023-10-15 04:52:30,32.93550012044961,1.392919273916926
5706,Kin4b,2023-10-15 05:40:00,2023-10-15 06:41:00,2023-10-15 06:10:30,32.91140918208455,1.380059030171263
5707,Kin4b,2023-10-15 06:43:00,2023-10-15 07:46:00,2023-10-15 07:14:30,32.64208005904007,1.3760348188858105
5708,Kin4b,2023-10-15 07:50:00,2023-10-15 08:34:00,2023-10-15 08:12:00,32.395491345115126,1.3724193165590364
5709,Kin4b,2023-10-15 08:49:00,2023-10-15 09:50:00,2023-10-15 09:19:30,32.30680429714762,1.3682110159046075
5710,Kin4b,2023-10-15 09:54:00,2023-10-15 11:10:00,2023-10-15 10:32:00,32.34745319776506,1.3637175613006314
5711,Kin4b,2023-10-15 11:30:00,2023-10-15 12:15:00,2023-10-15 11:52:30,32.39387285641821,1.358728277223113
5712,Kin4b,2023-10-15 17:04:00,2023-10-15 18:02:00,2023-10-15 17:33:00,33.698132803172165,1.4095651122817532
5713,Kin4b,2023-10-15 19:19:00,2023-10-15 20:21:00,2023-10-15 19:50:00,33.82671351740066,1.4065450392836107
5714,Kin4b,2023-10-15 20:22:00,2023-10-15 21:37:00,2023-10-15 20:59:30,33.245702988590736,1.3873675952501157
5715,Kin4b,2023-10-15 21:41:00,2023-10-15 21:46:00,2023-10-15 21:43:30,32.87004933525326,1.3752264796030111
5717,Kin4b,2023-10-15 22:07:00,2023-10-15 23:07:00,2023-10-15 22:37:00,32.83572980913453,1.3756660227874766
5718,Kin4b,2023-10-15 23:10:00,2023-10-16 00:07:00,2023-10-15 23:38:30,33.01047788553817,1.38454652119781
5721,Kin4b,2023-10-16 00:29:00,2023-10-16 00:57:00,2023-10-16 00:43:00,33.19691702123367,1.3938602146525505
5722,Kin4b,2023-10-16 02:35:00,2023-10-16 03:39:00,2023-10-16 03:07:00,33.166989286474326,1.3955761053814115
5723,Kin4b,2023-10-16 03:44:00,2023-10-16 04:43:00,2023-10-16 04:13:30,32.576806500650946,1.3796009373010456
5724,Kin4b,2023-10-16 04:55:00,2023-10-16 05:59:00,2023-10-16 05:27:00,38.06761097595327,2.307303841994308
5725,Kin4b,2023-10-16 06:05:00,2023-10-16 07:06:00,2023-10-16 06:35:30,47.63637770410047,3.935822070944525
5726,Kin4b,2023-10-16 07:09:00,2023-10-16 07:45:00,2023-10-16 07:27:00,54.93385362939964,5.160182491250163
5727,Kin4b,2023-10-16 07:56:00,2023-10-16 08:56:00,2023-10-16 08:26:00,31.42821495303962,1.3248368292166366
5728,Kin4b,2023-10-16 08:59:00,2023-10-16 09:32:00,2023-10-16 09:15:30,31.53515802128276,1.3318748278210943
5730,Kin4b,2023-10-16 09:48:00,2023-10-16 10:41:00,2023-10-16 10:14:30,31.589086041739726,1.3402635534304477
5732,Kin4b,2023-10-16 11:07:00,2023-10-16 12:09:00,2023-10-16 11:38:00,31.78359013797196,1.3420607469840191
5733,Kin4b,2023-10-16 12:11:00,2023-10-16 13:01:00,2023-10-16 12:36:00,31.846410359037147,1.3397148584865894
5734,Kin4b,2023-10-16 13:04:00,2023-10-16 14:07:00,2023-10-16 13:35:30,31.910855240991957,1.3373083004590542
5735,Kin4b,2023-10-16 14:10:00,2023-10-16 14:36:00,2023-10-16 14:23:00,32.02478456339065,1.3353870986723662
5736,Kin4b,2023-10-16 14:59:00,2023-10-16 15:31:00,2023-10-16 15:15:00,32.16358930935165,1.3429112432626358
5737,Kin4b,2023-10-16 15:35:00,2023-10-16 15:44:00,2023-10-16 15:39:30,32.298011864391086,1.3485583056351464
5739,Kin4b,2023-10-16 17:30:00,2023-10-16 18:27:00,2023-10-16 17:58:30,32.897129718470495,1.3802511521353413
5740,Kin4b,2023-10-16 18:32:00,2023-10-16 19:35:00,2023-10-16 19:03:30,33.030816019455386,1.394602163194635
5741,Kin4b,2023-10-16 19:36:00,2023-10-16 20:40:00,2023-10-16 20:08:00,33.10323678358804,1.408842781861165
5742,Kin4b,2023-10-16 20:47:00,2023-10-16 21:06:00,2023-10-16 20:56:30,33.20774449905765,1.4144278362255274
5743,Kin4b,2023-10-16 21:08:00,2023-10-16 22:12:00,2023-10-16 21:40:00,33.1157543001207,1.4072762724097303
5744,Kin4b,2023-10-16 22:15:00,2023-10-16 23:20:00,2023-10-16 22:47:30,32.92505449851453,1.3961790182128047
5745,Kin4b,2023-10-16 23:27:00,2023-10-17 01:07:00,2023-10-17 00:17:00,32.82170396627189,1.3844917204682594
5748,Kin4b,2023-10-17 01:20:00,2023-10-17 02:21:00,2023-10-17 01:50:30,32.65078227430675,1.374406571248485
5751,Kin4b,2023-10-17 02:33:00,2023-10-17 02:45:00,2023-10-17 02:39:00,32.64217760567434,1.37043873218678
5752,Kin4b,2023-10-17 03:21:00,2023-10-17 04:55:00,2023-10-17 04:08:00,32.54899487597583,1.3679787141484865
5753,Kin4b,2023-10-17 05:01:00,2023-10-17 05:13:00,2023-10-17 05:07:00,32.59553029276013,1.366647294806354
5754,Kin4b,2023-10-17 05:17:00,2023-10-17 05:28:00,2023-10-17 05:22:30,32.55157384445823,1.3666798292571758
5755,Kin4b,2023-10-17 05:30:00,2023-10-17 05:47:00,2023-10-17 05:38:30,32.50619944621111,1.3667134132064112
5756,Kin4b,2023-10-17 05:55:00,2023-10-17 07:38:00,2023-10-17 06:46:30,32.405519151949036,1.366856144990661
5757,Kin4b,2023-10-17 07:41:00,2023-10-17 07:50:00,2023-10-17 07:45:30,32.16583060071149,1.3665491209858205
5761,Kin4b,2023-10-17 08:48:00,2023-10-17 09:52:00,2023-10-17 09:20:00,32.201935074960474,1.3601268704514298
5762,Kin4b,2023-10-17 09:54:00,2023-10-17 10:54:00,2023-10-17 10:24:00,32.19510371986252,1.355777409772054
5763,Kin4b,2023-10-17 11:01:00,2023-10-17 12:06:00,2023-10-17 11:33:30,32.28834753181876,1.3575999977621394
5764,Kin4b,2023-10-17 12:09:00,2023-10-17 13:08:00,2023-10-17 12:38:30,32.37801234001189,1.3651679001125692
5765,Kin4b,2023-10-17 13:09:00,2023-10-17 14:05:00,2023-10-17 13:37:00,32.547496788770786,1.3719790122279558
5768,Kin4b,2023-10-17 14:25:00,2023-10-17 15:29:00,2023-10-17 14:57:00,32.62193597238708,1.3815639860585256
5770,Kin4b,2023-10-17 15:47:00,2023-10-17 17:05:00,2023-10-17 16:26:00,32.86163799405067,1.3924134387663405
5771,Kin4b,2023-10-17 17:12:00,2023-10-17 17:27:00,2023-10-17 17:19:30,32.97096872393104,1.3965491796696086
5773,Kin4b,2023-10-17 17:51:00,2023-10-17 19:42:00,2023-10-17 18:46:30,32.869781901388606,1.3905474214720621
5779,Kin4b,2023-10-17 20:58:00,2023-10-17 23:14:00,2023-10-17 22:06:00,32.637750049696486,1.3767847690535508
5778,Kin4b,2023-10-17 20:58:00,2023-10-17 23:14:00,2023-10-17 22:06:00,32.637750049696486,1.3767847690535508
5783,Kin4b,2023-10-18 02:31:00,2023-10-18 03:40:00,2023-10-18 03:05:30,32.372069614247586,1.3715511617731415
5784,Kin4b,2023-10-18 03:52:00,2023-10-18 05:05:00,2023-10-18 04:28:30,32.412568903675904,1.3876498273014506
5785,Kin4b,2023-10-18 05:11:00,2023-10-18 07:25:00,2023-10-18 06:18:00,32.316145035146285,1.375265199554326
5805,Kin4b,2023-10-19 17:42:00,2023-10-19 18:46:00,2023-10-19 18:14:00,40.75502355294351,1.7006350920264863
5806,Kin4b,2023-10-19 18:48:00,2023-10-19 18:54:00,2023-10-19 18:51:00,40.515856277622255,1.693655335646807
5807,Kin4b,2023-10-19 19:00:00,2023-10-19 19:08:00,2023-10-19 19:04:00,40.43182453223912,1.6912029888107034
5808,Kin4b,2023-10-19 19:10:00,2023-10-19 19:23:00,2023-10-19 19:16:30,40.351024777063024,1.688844963006758
5809,Kin4b,2023-10-19 19:26:00,2023-10-19 20:07:00,2023-10-19 19:46:30,39.37025543996578,1.6831857010772882
5810,Kin4b,2023-10-19 20:15:00,2023-10-19 20:36:00,2023-10-19 20:25:30,40.09343878141696,1.6826184599618912
5811,Kin4b,2023-10-19 20:41:00,2023-10-19 20:49:00,2023-10-19 20:45:00,40.26149131575339,1.6871636097798983
5815,Kin4b,2023-10-20 03:30:00,2023-10-20 04:37:00,2023-10-20 04:03:30,40.7877893059535,1.7022141815177256
5816,Kin4b,2023-10-20 04:40:00,2023-10-20 05:51:00,2023-10-20 05:15:30,39.771736106006,1.6698931362470795
5818,Kin4b,2023-10-20 06:12:00,2023-10-20 07:12:00,2023-10-20 06:42:00,39.2229219484619,1.6394608575786125
5819,Kin4b,2023-10-20 07:16:00,2023-10-20 08:19:00,2023-10-20 07:47:30,38.80075918002308,1.6258036831947582
5821,Kin4b,2023-10-20 08:38:00,2023-10-20 08:53:00,2023-10-20 08:45:30,40.72717432530232,2.207186564358203
5828,Kin4b,2023-10-20 10:25:00,2023-10-20 11:28:00,2023-10-20 10:56:30,54.719488099104,6.080142599918508
5829,Kin4b,2023-10-20 11:45:00,2023-10-20 12:53:00,2023-10-20 12:19:00,38.9971887237968,1.674257592728039
5830,Kin4b,2023-10-20 12:54:00,2023-10-20 13:29:00,2023-10-20 13:11:30,39.468987237226244,1.669616008309198
5831,Kin4b,2023-10-20 13:33:00,2023-10-20 14:11:00,2023-10-20 13:52:00,39.8569890826757,1.6660353574718063
5832,Kin4b,2023-10-20 14:23:00,2023-10-20 14:48:00,2023-10-20 14:35:30,40.00182049378398,1.6594228864025213
5837,Kin4b,2023-10-20 15:24:00,2023-10-20 16:21:00,2023-10-20 15:52:30,39.72509951652701,1.6405457002796546
5838,Kin4b,2023-10-20 16:22:00,2023-10-20 16:48:00,2023-10-20 16:35:00,39.57236391219686,1.6301264741728774
5839,Kin4b,2023-10-20 16:52:00,2023-10-20 17:34:00,2023-10-20 17:13:00,39.42958962843234,1.6208104602421118
5840,Kin4b,2023-10-20 17:41:00,2023-10-20 19:09:00,2023-10-20 18:25:00,39.34323642356865,1.6270202262382538
5841,Kin4b,2023-10-20 19:11:00,2023-10-20 20:29:00,2023-10-20 19:50:00,39.313479423718846,1.6479715817660725
5842,Kin4b,2023-10-20 20:34:00,2023-10-20 20:48:00,2023-10-20 20:41:00,39.35713229569218,1.6597199495379011
5843,Kin4b,2023-10-20 20:55:00,2023-10-20 21:10:00,2023-10-20 21:02:30,39.427862987418706,1.6633642544330547
5844,Kin4b,2023-10-20 21:12:00,2023-10-20 21:38:00,2023-10-20 21:25:00,39.50188347876042,1.667178061881471
5852,Kin4b,2023-10-20 23:10:00,2023-10-20 23:35:00,2023-10-20 23:22:30,40.09606232915392,1.687094611889869
5854,Kin4b,2023-10-20 23:44:00,2023-10-21 00:19:00,2023-10-21 00:01:30,39.940051420243805,1.6864993657149545
5856,Kin4b,2023-10-21 02:52:00,2023-10-21 03:59:00,2023-10-21 03:25:30,40.29773233210477,1.6606049408657415
5858,Kin4b,2023-10-21 07:05:00,2023-10-21 08:05:00,2023-10-21 07:35:00,40.207232117102,1.6573052295754978
5859,Kin4b,2023-10-21 08:07:00,2023-10-21 09:01:00,2023-10-21 08:34:00,39.85997359947688,1.6485348327378886
5860,Kin4b,2023-10-21 09:04:00,2023-10-21 10:15:00,2023-10-21 09:39:30,39.35646915151118,1.638798205740204
5861,Kin4b,2023-10-21 10:22:00,2023-10-21 11:24:00,2023-10-21 10:53:00,39.17381566093288,1.628181270893997
5862,Kin4b,2023-10-21 11:28:00,2023-10-21 12:25:00,2023-10-21 11:56:30,39.04908867076218,1.619324859448324
5863,Kin4b,2023-10-21 12:26:00,2023-10-21 13:30:00,2023-10-21 12:58:00,38.92829008973072,1.6107473900954283
5865,Kin4b,2023-10-21 14:38:00,2023-10-21 15:40:00,2023-10-21 15:09:00,39.74238469458453,2.7276677081719534
5866,Kin4b,2023-10-21 15:42:00,2023-10-21 16:42:00,2023-10-21 16:12:00,41.61170694505026,4.830604494395117
5868,Kin4b,2023-10-21 16:49:00,2023-10-21 17:41:00,2023-10-21 17:15:00,43.48381351284351,6.9335412806182815
5869,Kin4b,2023-10-21 17:53:00,2023-10-21 18:49:00,2023-10-21 18:21:00,37.45110307859912,1.5579698021861628
5870,Kin4b,2023-10-21 18:52:00,2023-10-21 19:54:00,2023-10-21 19:23:00,37.75083429391007,1.5641391570945926
5871,Kin4b,2023-10-21 19:59:00,2023-10-21 20:53:00,2023-10-21 20:26:00,37.991969610177605,1.5704080177273516
5872,Kin4b,2023-10-21 20:59:00,2023-10-22 20:42:00,2023-10-22 08:50:30,38.592586014703315,1.6113568156338092
5873,Kin4b,2023-10-21 21:46:00,2023-10-21 22:43:00,2023-10-21 22:14:30,38.419026650960916,1.5864742798718083
5874,Kin4b,2023-10-21 22:45:00,2023-10-21 23:02:00,2023-10-21 22:53:30,38.528798908697354,1.5929348242645944
5875,Kin4b,2023-10-21 23:04:00,2023-10-21 23:56:00,2023-10-21 23:30:00,38.75094710667764,1.5989812311963043
5877,Kin4b,2023-10-22 00:12:00,2023-10-22 01:26:00,2023-10-22 00:49:00,38.69963825776391,1.6038421965635172
5879,Kin4b,2023-10-22 01:48:00,2023-10-22 02:09:00,2023-10-22 01:58:30,38.68600460949298,1.604196631143554
5880,Kin4b,2023-10-22 02:22:00,2023-10-22 03:22:00,2023-10-22 02:52:00,38.63232594980925,1.6044694692735102
5881,Kin4b,2023-10-22 03:40:00,2023-10-22 04:20:00,2023-10-22 04:00:00,38.7128099705612,1.6071119907788427
5882,Kin4b,2023-10-22 04:36:00,2023-10-22 05:42:00,2023-10-22 05:09:00,38.79788609932305,1.611934406745878
5883,Kin4b,2023-10-22 05:45:00,2023-10-22 06:30:00,2023-10-22 06:07:30,38.85811499397249,1.6160229768048864
5884,Kin4b,2023-10-22 06:38:00,2023-10-22 07:44:00,2023-10-22 07:11:00,38.814088721271,1.6159600424745828
5885,Kin4b,2023-10-22 07:46:00,2023-10-22 08:46:00,2023-10-22 08:16:00,38.6690865923038,1.6129529093625194
5886,Kin4b,2023-10-22 08:50:00,2023-10-22 09:50:00,2023-10-22 09:20:00,38.55404071640051,1.6099920398367955
5887,Kin4b,2023-10-22 10:06:00,2023-10-22 11:10:00,2023-10-22 10:38:00,38.56771754231137,1.782358627863214
5888,Kin4b,2023-10-22 11:11:00,2023-10-22 12:21:00,2023-10-22 11:46:00,38.760130961011775,2.0603319690134514
5889,Kin4b,2023-10-22 12:22:00,2023-10-22 13:23:00,2023-10-22 12:52:30,38.93312507841353,2.3321735452853742
5891,Kin4b,2023-10-22 14:54:00,2023-10-22 15:51:00,2023-10-22 15:22:30,38.96660503241916,2.015388931133047
5892,Kin4b,2023-10-22 15:53:00,2023-10-22 16:49:00,2023-10-22 16:21:00,38.9651598036025,1.7525032354009975
5893,Kin4b,2023-10-22 17:07:00,2023-10-22 18:23:00,2023-10-22 17:45:00,46.19307470970968,3.107387633050928
5894,Kin4b,2023-10-22 18:26:00,2023-10-22 19:38:00,2023-10-22 19:02:00,56.455787480026565,5.194784347046097
5895,Kin4b,2023-10-22 19:40:00,2023-10-22 21:04:00,2023-10-22 20:22:00,37.97261909226514,1.569570074548163
5896,Kin4b,2023-10-22 21:06:00,2023-10-22 22:08:00,2023-10-22 21:37:00,38.799265569897216,1.602415145090115
5897,Kin4b,2023-10-22 23:40:00,2023-10-23 00:09:00,2023-10-22 23:54:30,39.45492496638061,1.6418122342878272
5898,Kin4b,2023-10-23 00:42:00,2023-10-23 01:50:00,2023-10-23 01:16:00,39.20575954018462,1.6266779708543229
5899,Kin4b,2023-10-23 01:52:00,2023-10-23 03:14:00,2023-10-23 02:33:00,38.95879204495644,1.6123793415981285
5900,Kin4b,2023-10-23 03:16:00,2023-10-23 03:28:00,2023-10-23 03:22:00,38.7969354947187,1.6032802138896411
5901,Kin4b,2023-10-23 04:55:00,2023-10-23 06:09:00,2023-10-23 05:32:00,39.11717163867185,1.6150337929380685
5902,Kin4b,2023-10-23 06:11:00,2023-10-23 06:42:00,2023-10-23 06:26:30,39.272032809352766,1.6209480037995145
5903,Kin4b,2023-10-23 06:50:00,2023-10-23 07:27:00,2023-10-23 07:08:30,39.23796423235973,1.6233739523642254
5904,Kin4b,2023-10-23 07:29:00,2023-10-23 08:24:00,2023-10-23 07:56:30,39.062992751048135,1.6242561173610415
5912,Kin4b,2023-10-23 16:15:00,2023-10-23 17:00:00,2023-10-23 16:37:30,39.5321494447453,1.6601491287834578
5913,Kin4b,2023-10-23 17:09:00,2023-10-23 17:16:00,2023-10-23 17:12:30,39.404645093996514,1.6568861108652193
5914,Kin4b,2023-10-23 17:35:00,2023-10-23 18:39:00,2023-10-23 18:07:00,39.21710659184707,1.648979134566049
5915,Kin4b,2023-10-23 19:09:00,2023-10-23 20:20:00,2023-10-23 19:44:30,38.884518893175944,1.6340845065061649
5916,Kin4b,2023-10-23 20:20:00,2023-10-23 20:25:00,2023-10-23 20:22:30,38.7548949695913,1.62827942069821
5917,Kin4b,2023-10-23 20:26:00,2023-10-23 21:02:00,2023-10-23 20:44:00,38.681555118089456,1.6249949642542358
5918,Kin4b,2023-10-23 21:06:00,2023-10-23 22:02:00,2023-10-23 21:34:00,38.53437150828279,1.6200264894053444
5919,Kin4b,2023-10-23 22:03:00,2023-10-23 23:45:00,2023-10-23 22:54:00,38.323295062394536,1.6148658735166435
5923,Kin4b,2023-10-24 01:56:00,2023-10-24 02:57:00,2023-10-24 02:26:30,35.89424106594933,1.5273545148238967
5924,Kin4b,2023-10-24 03:05:00,2023-10-24 03:22:00,2023-10-24 03:13:30,35.44916404675295,1.5102933881945826
5925,Kin4b,2023-10-24 03:24:00,2023-10-24 04:21:00,2023-10-24 03:52:30,35.69794285335792,1.517411149373251
5926,Kin4b,2023-10-24 04:22:00,2023-10-24 05:25:00,2023-10-24 04:53:30,36.08705842266313,1.528544057883476
5927,Kin4b,2023-10-24 05:27:00,2023-10-24 06:10:00,2023-10-24 05:48:30,36.43790032941373,1.5385819262123672
5931,Kin4b,2023-10-24 07:35:00,2023-10-24 08:53:00,2023-10-24 08:14:00,34.711783895803485,1.4654822617939471
5932,Kin4b,2023-10-24 09:04:00,2023-10-24 09:24:00,2023-10-24 09:14:00,33.77436165121773,1.4268670654120998
5933,Kin4b,2023-10-24 09:55:00,2023-10-24 11:12:00,2023-10-24 10:33:30,33.12230147578818,1.3989567719506182
5934,Kin4b,2023-10-24 11:16:00,2023-10-24 12:17:00,2023-10-24 11:46:30,32.95771761448979,1.39044028459569
5935,Kin4b,2023-10-24 12:20:00,2023-10-24 13:04:00,2023-10-24 12:42:00,32.83258878843416,1.3839654209217378
5936,Kin4b,2023-10-24 15:02:00,2023-10-24 16:11:00,2023-10-24 15:36:30,32.43916572272772,1.3636075162171493
5937,Kin4b,2023-10-24 16:11:00,2023-10-24 17:16:00,2023-10-24 16:43:30,32.28810930208399,1.3557910141242702
5938,Kin4b,2023-10-24 17:26:00,2023-10-24 18:20:00,2023-10-24 17:53:00,32.64964854277962,1.373102308902529
5939,Kin4b,2023-10-24 18:23:00,2023-10-24 18:40:00,2023-10-24 18:31:30,33.17896488126408,1.3988315019032245
5941,Kin4b,2023-10-24 19:00:00,2023-10-24 20:01:00,2023-10-24 19:30:30,33.99012498439611,1.4382606548133812
5942,Kin4b,2023-10-24 20:06:00,2023-10-24 21:07:00,2023-10-24 20:36:30,34.75856792957122,1.4741909597258813
5944,Kin4b,2023-10-24 22:11:00,2023-10-24 23:12:00,2023-10-24 22:41:30,35.9685019495092,1.527797274690334
5945,Kin4b,2023-10-24 23:16:00,2023-10-25 00:10:00,2023-10-24 23:43:00,36.374528033991496,1.543544057300522
5947,Kin4b,2023-10-25 00:34:00,2023-10-25 01:30:00,2023-10-25 01:02:00,36.63970784418534,1.5493751050228617
5948,Kin4b,2023-10-25 01:34:00,2023-10-25 02:30:00,2023-10-25 02:02:00,36.84111023167433,1.5538037488626133
5949,Kin4b,2023-10-25 02:37:00,2023-10-25 03:09:00,2023-10-25 02:53:00,37.07219331441832,1.8589116975138766
5950,Kin4b,2023-10-25 03:12:00,2023-10-25 03:48:00,2023-10-25 03:30:00,37.30600244966,2.4131536550431907
5951,Kin4b,2023-10-25 03:58:00,2023-10-25 05:13:00,2023-10-25 04:35:30,37.71990781069595,3.394311714993733
5952,Kin4b,2023-10-25 05:18:00,2023-10-25 06:03:00,2023-10-25 05:40:30,37.48764904944689,3.8429228681253362
5965,Kin4b,2023-10-26 04:59:00,2023-10-26 05:54:00,2023-10-26 05:26:30,42.99768354843914,1.798760387260291
5966,Kin4b,2023-10-26 06:08:00,2023-10-26 07:10:00,2023-10-26 06:39:00,42.55538095396298,1.7915077959137993
5967,Kin4b,2023-10-26 07:14:00,2023-10-26 07:51:00,2023-10-26 07:32:30,42.22899214286677,1.786155883678802
5968,Kin4b,2023-10-26 07:55:00,2023-10-26 08:57:00,2023-10-26 08:26:00,41.92018089327385,1.7722835857916661
5971,Kin4b,2023-10-26 09:29:00,2023-10-26 09:43:00,2023-10-26 09:36:00,41.53024713518249,1.7472893192272985
5974,Kin4b,2023-10-26 09:59:00,2023-10-26 11:02:00,2023-10-26 10:30:30,41.22665585209707,1.7278294974021835
5975,Kin4b,2023-10-26 11:08:00,2023-10-26 12:09:00,2023-10-26 11:38:30,40.97970261868985,1.7138745349794375
5976,Kin4b,2023-10-26 12:11:00,2023-10-26 13:16:00,2023-10-26 12:43:30,40.87432336108307,1.7107695226130788
5979,Kin4b,2023-10-26 13:42:00,2023-10-26 13:47:00,2023-10-26 13:44:30,40.77542898086748,1.7078555879308035
5980,Kin4b,2023-10-26 13:52:00,2023-10-26 14:10:00,2023-10-26 14:01:00,40.74867886162883,1.7070673924839588
5981,Kin4b,2023-10-26 14:20:00,2023-10-26 14:23:00,2023-10-26 14:21:30,40.74079758642205,1.7068685719720622
5985,Kin4b,2023-10-26 15:24:00,2023-10-26 16:37:00,2023-10-26 16:00:30,40.8325600288677,1.7099047067567397
5986,Kin4b,2023-10-26 16:37:00,2023-10-26 17:42:00,2023-10-26 17:09:30,40.896515670572235,1.7120208006975752
5987,Kin4b,2023-10-26 17:48:00,2023-10-26 18:47:00,2023-10-26 18:17:30,40.88490315730682,1.7133944052581096
5988,Kin4b,2023-10-26 18:51:00,2023-10-26 19:55:00,2023-10-26 19:23:00,40.798429444895056,1.7139995193975157
5989,Kin4b,2023-10-26 19:57:00,2023-10-26 20:31:00,2023-10-26 20:14:00,40.73109876805536,1.7144706769717097
5990,Kin4b,2023-10-26 20:36:00,2023-10-26 21:46:00,2023-10-26 21:11:00,40.56502143313825,1.7039381324591074
5991,Kin4b,2023-10-26 21:48:00,2023-10-26 22:43:00,2023-10-26 22:15:30,40.323578776827134,1.6855038426531597
5994,Kin4b,2023-10-26 23:10:00,2023-10-27 00:09:00,2023-10-26 23:39:30,40.18379355981961,1.6729587931341898
5995,Kin4b,2023-10-27 00:12:00,2023-10-27 00:35:00,2023-10-27 00:23:30,40.27049556347012,1.6768833163527748
5996,Kin4b,2023-10-27 00:39:00,2023-10-27 01:45:00,2023-10-27 01:12:00,40.36606481749397,1.681209211264169
5997,Kin4b,2023-10-27 01:50:00,2023-10-27 03:13:00,2023-10-27 02:31:30,40.52271957408977,1.6883001111704754
5998,Kin4b,2023-10-27 03:20:00,2023-10-27 04:26:00,2023-10-27 03:53:00,40.652730572296946,1.6942021643205165
5999,Kin4b,2023-10-27 04:32:00,2023-10-27 05:35:00,2023-10-27 05:03:30,40.73468318011182,1.6979436891540678
6001,Kin4b,2023-10-27 05:55:00,2023-10-27 06:55:00,2023-10-27 06:25:00,40.82942271964249,1.7022689980042018
6002,Kin4b,2023-10-27 07:10:00,2023-10-27 07:15:00,2023-10-27 07:12:30,40.88463901568797,1.7047898835303534
6003,Kin4b,2023-10-27 07:21:00,2023-10-27 08:25:00,2023-10-27 07:53:00,40.844956084457074,1.7045459032227692
6004,Kin4b,2023-10-27 08:29:00,2023-10-27 09:31:00,2023-10-27 09:00:00,40.755477552348104,1.7034849151633644
6005,Kin4b,2023-10-27 09:34:00,2023-10-27 10:34:00,2023-10-27 10:04:00,40.67000552167685,1.7024714340319929
6006,Kin4b,2023-10-27 10:38:00,2023-10-27 11:34:00,2023-10-27 11:06:00,40.58720449196406,1.7014896241859765
6007,Kin4b,2023-10-27 11:43:00,2023-10-27 12:23:00,2023-10-27 12:03:00,42.79339828592315,2.201839973987468
6008,Kin4b,2023-10-27 12:32:00,2023-10-27 13:35:00,2023-10-27 13:03:30,48.60506983568506,3.495013014764682
6009,Kin4b,2023-10-27 13:37:00,2023-10-27 14:19:00,2023-10-27 13:58:00,53.840377264809426,4.659937489514403
6010,Kin4b,2023-10-27 14:33:00,2023-10-27 15:30:00,2023-10-27 15:01:30,59.940230874890105,6.017234813305364
6012,Kin4b,2023-10-27 16:04:00,2023-10-27 16:53:00,2023-10-27 16:28:30,39.57970813301806,1.6467676459589713
6013,Kin4b,2023-10-27 16:58:00,2023-10-27 17:57:00,2023-10-27 17:27:30,39.795728113047105,1.6551472698945837
6014,Kin4b,2023-10-27 18:00:00,2023-10-27 19:04:00,2023-10-27 18:32:00,40.03188554884158,1.6643080452140246
6016,Kin4b,2023-10-27 19:25:00,2023-10-27 20:40:00,2023-10-27 20:02:30,40.19512704058461,1.6733966850109763
6017,Kin4b,2023-10-27 20:42:00,2023-10-27 21:58:00,2023-10-27 21:20:00,40.24434353590531,1.6791513255360684
6018,Kin4b,2023-10-27 22:00:00,2023-10-27 22:48:00,2023-10-27 22:24:00,40.28498683526691,1.6839035448084023
6019,Kin4b,2023-10-27 22:53:00,2023-10-28 00:05:00,2023-10-27 23:29:00,40.34654528214634,1.6873417733646576
6020,Kin4b,2023-10-28 00:10:00,2023-10-28 01:30:00,2023-10-28 00:50:00,40.44078136037213,1.6904267018663828
6024,Kin4b,2023-10-28 02:07:00,2023-10-28 03:00:00,2023-10-28 02:33:30,40.56119412699398,1.6943685549519207
6025,Kin4b,2023-10-28 03:03:00,2023-10-28 04:27:00,2023-10-28 03:45:00,40.597224304597795,1.6966458883679132
6026,Kin4b,2023-10-28 04:31:00,2023-10-28 05:46:00,2023-10-28 05:08:30,40.60413241002245,1.6989729481136486
6027,Kin4b,2023-10-28 05:50:00,2023-10-28 07:02:00,2023-10-28 06:26:00,40.61054412463815,1.7011327939854388
6028,Kin4b,2023-10-28 07:05:00,2023-10-28 08:19:00,2023-10-28 07:42:00,40.62156713487448,1.7019647622564864
6029,Kin4b,2023-10-28 08:21:00,2023-10-28 09:32:00,2023-10-28 08:56:30,40.637018590967315,1.701518512656339
6030,Kin4b,2023-10-28 09:34:00,2023-10-28 10:11:00,2023-10-28 09:52:30,40.648633108298846,1.7011830767152887
6031,Kin4b,2023-10-28 10:48:00,2023-10-28 11:18:00,2023-10-28 11:03:00,40.66325495601086,1.7007607868252164
6032,Kin4b,2023-10-28 11:26:00,2023-10-28 11:45:00,2023-10-28 11:35:30,40.673992110743484,1.701067367801516
6033,Kin4b,2023-10-28 11:51:00,2023-10-28 12:45:00,2023-10-28 12:18:00,40.693872167681164,1.7022006316394946
6034,Kin4b,2023-10-28 13:15:00,2023-10-28 14:03:00,2023-10-28 13:39:00,40.73176121737415,1.7043604991895247
6035,Kin4b,2023-10-28 14:11:00,2023-10-28 15:10:00,2023-10-28 14:40:30,40.76052882917808,1.7060003986256584
6036,Kin4b,2023-10-28 15:15:00,2023-10-28 16:20:00,2023-10-28 15:47:30,40.688146236688034,1.706593344252389
6037,Kin4b,2023-10-28 16:22:00,2023-10-28 17:18:00,2023-10-28 16:50:00,40.53494214887489,1.706160451374989
6038,Kin4b,2023-10-28 17:20:00,2023-10-28 18:18:00,2023-10-28 17:49:00,40.390317489979296,1.705751800498723
6039,Kin4b,2023-10-28 18:20:00,2023-10-28 19:13:00,2023-10-28 18:46:30,40.24936972919121,1.7053535390515147
6040,Kin4b,2023-10-28 19:17:00,2023-10-28 20:19:00,2023-10-28 19:48:00,40.1855050765948,1.701058947450576
6041,Kin4b,2023-10-28 20:21:00,2023-10-28 21:23:00,2023-10-28 20:52:00,40.19611935778106,1.6931580747642117
6042,Kin4b,2023-10-28 21:25:00,2023-10-28 22:35:00,2023-10-28 22:00:00,40.20739703154147,1.6847633975349494
6043,Kin4b,2023-10-28 22:36:00,2023-10-28 23:32:00,2023-10-28 23:04:00,40.218011312727725,1.676862524848585
6044,Kin4b,2023-10-28 23:37:00,2023-10-29 00:44:00,2023-10-29 00:10:30,40.25315847867156,1.6757289093496617
6048,Kin4b,2023-10-29 01:38:00,2023-10-29 02:38:00,2023-10-29 02:08:00,40.348996674607925,1.6836234859665233
6050,Kin4b,2023-10-29 02:50:00,2023-10-29 03:38:00,2023-10-29 03:14:00,40.40282919317643,1.6880578864491858
6051,Kin4b,2023-10-29 03:45:00,2023-10-29 04:49:00,2023-10-29 04:17:00,40.449259100168256,1.690011105054258
6052,Kin4b,2023-10-29 04:51:00,2023-10-29 05:54:00,2023-10-29 05:22:30,40.493839192569204,1.6903433831643513
6053,Kin4b,2023-10-29 05:56:00,2023-10-29 06:38:00,2023-10-29 06:17:00,40.53093255189519,1.6906198588437413
6060,Kin4b,2023-10-29 07:58:00,2023-10-29 09:03:00,2023-10-29 08:30:30,40.52317684626557,1.6864608657159683
6061,Kin4b,2023-10-29 09:04:00,2023-10-29 10:14:00,2023-10-29 09:39:00,40.42321013156811,1.679619605939031
6062,Kin4b,2023-10-29 10:16:00,2023-10-29 11:01:00,2023-10-29 10:38:30,40.33637772975062,1.673677197811618
6063,Kin4b,2023-10-29 11:08:00,2023-10-29 12:13:00,2023-10-29 11:40:30,40.322101478286726,1.6742812988976246
6064,Kin4b,2023-10-29 12:15:00,2023-10-29 13:28:00,2023-10-29 12:51:30,40.36244708425287,1.6800292806647
6065,Kin4b,2023-10-29 13:32:00,2023-10-29 14:40:00,2023-10-29 14:06:00,40.404781558118756,1.6860606136456455
6066,Kin4b,2023-10-29 14:42:00,2023-10-29 15:45:00,2023-10-29 15:13:30,40.443138296185154,1.691525244198851
6068,Kin4b,2023-10-29 16:02:00,2023-10-29 16:27:00,2023-10-29 16:14:30,40.45913724343297,1.693854133545829
6069,Kin4b,2023-10-29 16:36:00,2023-10-29 17:12:00,2023-10-29 16:54:00,40.453044906532845,1.6930619179169244
6070,Kin4b,2023-10-29 17:15:00,2023-10-29 18:22:00,2023-10-29 17:48:30,40.444639023974446,1.6919688609099552
6071,Kin4b,2023-10-29 18:24:00,2023-10-29 19:16:00,2023-10-29 18:50:00,40.43515348677551,1.6907354112598887
6072,Kin4b,2023-10-29 19:23:00,2023-10-29 20:14:00,2023-10-29 19:48:30,40.426130658708246,1.6895621298854355
6073,Kin4b,2023-10-29 20:18:00,2023-10-29 21:24:00,2023-10-29 20:51:00,40.460952888718616,1.6944155006524872
6074,Kin4b,2023-10-29 21:27:00,2023-10-29 22:37:00,2023-10-29 22:02:00,40.53959914249173,1.7052977120408546
6075,Kin4b,2023-10-29 22:53:00,2023-10-29 23:49:00,2023-10-29 23:21:00,40.62710694598575,1.7174060880926998
6076,Kin4b,2023-10-29 23:52:00,2023-10-30 00:21:00,2023-10-30 00:06:30,40.67750701002346,1.7243798996162307
6077,Kin4b,2023-10-30 00:28:00,2023-10-30 01:30:00,2023-10-30 00:59:00,40.65150378395467,1.7198464522875045
6078,Kin4b,2023-10-30 01:32:00,2023-10-30 02:32:00,2023-10-30 02:02:00,40.570093615238584,1.7069012736863547
6079,Kin4b,2023-10-30 02:33:00,2023-10-30 02:55:00,2023-10-30 02:44:00,40.51582016942787,1.6982711546189215
6081,Kin4b,2023-10-30 03:07:00,2023-10-30 04:10:00,2023-10-30 03:38:30,40.445393912363954,1.6870725477337998
